{"stats":{"minecraft:killed_by":{"minecraft:player":3,"minecraft:cave_spider":1,"minecraft:spider":1,"minecraft:drowned":1},"minecraft:broken":{"minecraft:stone_axe":1,"minecraft:iron_pickaxe":1},"minecraft:used":{"minecraft:iron_ore":9,"minecraft:iron_shovel":82,"minecraft:birch_planks":3,"minecraft:stone_pickaxe":65,"minecraft:oak_planks":1,"minecraft:shield":45,"minecraft:iron_sword":365,"minecraft:diamond_axe":60,"minecraft:rotten_flesh":5,"minecraft:torch":13,"minecraft:dirt":4,"minecraft:crafting_table":4,"minecraft:crossbow":16,"minecraft:white_bed":2,"minecraft:acacia_sapling":1,"minecraft:bread":2,"minecraft:iron_axe":1,"minecraft:iron_pickaxe":324,"minecraft:gravel":1,"minecraft:stone_axe":18,"minecraft:wooden_sword":21,"minecraft:bow":1,"minecraft:cobblestone":25,"minecraft:oak_sapling":3,"minecraft:furnace":1,"minecraft:porkchop":2,"minecraft:andesite":2},"minecraft:picked_up":{"minecraft:birch_log":20,"minecraft:iron_chestplate":2,"minecraft:crafting_table":3,"minecraft:andesite":44,"minecraft:leather":4,"minecraft:birch_planks":44,"minecraft:flint":2,"minecraft:oak_log":15,"minecraft:shield":6,"minecraft:gunpowder":7,"minecraft:paper":3,"minecraft:dirt":120,"minecraft:string":109,"minecraft:iron_leggings":1,"minecraft:iron_shovel":2,"minecraft:bone":7,"minecraft:kelp":1,"minecraft:bow":2,"minecraft:diamond_leggings":6,"minecraft:wheat_seeds":36,"minecraft:beef":7,"minecraft:iron_ingot":14,"minecraft:stone_pickaxe":5,"minecraft:oak_boat":2,"minecraft:iron_ore":86,"minecraft:iron_pickaxe":8,"minecraft:sugar_cane":18,"minecraft:acacia_sapling":3,"minecraft:iron_sword":4,"minecraft:oak_planks":104,"minecraft:iron_boots":7,"minecraft:furnace":25,"minecraft:stick":36,"minecraft:oak_fence":8,"minecraft:torch":112,"minecraft:acacia_log":29,"minecraft:gravel":2,"minecraft:porkchop":2,"minecraft:diorite":18,"minecraft:white_bed":2,"minecraft:gold_ore":52,"minecraft:spider_eye":18,"minecraft:orange_bed":1,"minecraft:arrow":2,"minecraft:rotten_flesh":7,"minecraft:diamond":24,"minecraft:stone_axe":1,"minecraft:iron_helmet":2,"minecraft:diamond_axe":1,"minecraft:granite":36,"minecraft:bread":8,"minecraft:saddle":2,"minecraft:emerald":6,"minecraft:oak_sapling":9,"minecraft:mutton":12,"minecraft:white_wool":7,"minecraft:coal":94,"minecraft:rail":1,"minecraft:cobblestone":923,"minecraft:ender_pearl":2},"minecraft:killed":{"minecraft:cave_spider":6,"minecraft:pig":2,"minecraft:spider":6,"minecraft:creeper":2,"minecraft:sheep":6,"minecraft:skeleton":3,"minecraft:zombie":8,"minecraft:cow":5,"minecraft:enderman":1},"minecraft:mined":{"minecraft:diamond_ore":15,"minecraft:acacia_leaves":4,"minecraft:white_bed":1,"minecraft:kelp_plant":1,"minecraft:oak_fence":1,"minecraft:crafting_table":2,"minecraft:torch":1,"minecraft:acacia_log":30,"minecraft:grass_block":47,"minecraft:dead_bush":5,"minecraft:tall_grass":8,"minecraft:cobblestone":10,"minecraft:kelp":1,"minecraft:diorite":4,"minecraft:wall_torch":4,"minecraft:birch_planks":2,"minecraft:furnace":1,"minecraft:birch_log":6,"minecraft:iron_ore":51,"minecraft:wheat":2,"minecraft:andesite":22,"minecraft:grass_path":8,"minecraft:grass":50,"minecraft:oak_log":15,"minecraft:coal_ore":10,"minecraft:gravel":2,"minecraft:dirt":28,"minecraft:cobweb":29,"minecraft:stone":241,"minecraft:gold_ore":12,"minecraft:oak_leaves":7,"minecraft:orange_bed":1},"minecraft:crafted":{"minecraft:wooden_sword":1,"minecraft:crossbow":1,"minecraft:oak_planks":36,"minecraft:arrow":48,"minecraft:emerald":6,"minecraft:diamond_axe":1,"minecraft:crafting_table":3,"minecraft:iron_helmet":1,"minecraft:iron_sword":2,"minecraft:furnace":8,"minecraft:birch_planks":52,"minecraft:air":0,"minecraft:iron_boots":1,"minecraft:shield":2,"minecraft:iron_axe":1,"minecraft:stick":244,"minecraft:iron_ingot":46,"minecraft:iron_pickaxe":2,"minecraft:chest":1,"minecraft:iron_shovel":1,"minecraft:iron_leggings":2,"minecraft:acacia_planks":88,"minecraft:torch":52},"minecraft:dropped":{"minecraft:gold_ore":4,"minecraft:ender_pearl":2,"minecraft:iron_boots":1,"minecraft:shield":2,"minecraft:iron_pickaxe":2},"minecraft:custom":{"minecraft:interact_with_furnace":21,"minecraft:mob_kills":36,"minecraft:traded_with_villager":10,"minecraft:interact_with_crafting_table":16,"minecraft:play_one_minute":102742,"minecraft:bell_ring":2,"minecraft:leave_game":4,"minecraft:time_since_death":10379,"minecraft:sleep_in_bed":3,"minecraft:time_since_rest":10411,"minecraft:sprint_one_cm":93989,"minecraft:damage_taken":2399,"minecraft:walk_one_cm":270233,"minecraft:damage_blocked_by_shield":1520,"minecraft:drop":11,"minecraft:damage_dealt":6156,"minecraft:talked_to_villager":11,"minecraft:player_kills":3,"minecraft:swim_one_cm":6683,"minecraft:fly_one_cm":45550,"minecraft:open_chest":1,"minecraft:crouch_one_cm":1528,"minecraft:deaths":8,"minecraft:sneak_time":549,"minecraft:walk_under_water_one_cm":9345,"minecraft:jump":594,"minecraft:interact_with_blast_furnace":1,"minecraft:walk_on_water_one_cm":16025,"minecraft:horse_one_cm":187750,"minecraft:fall_one_cm":7303}},"DataVersion":2586}