{"stats":{"minecraft:killed_by":{"minecraft:player":4,"minecraft:piglin_brute":1,"minecraft:spider":1,"minecraft:drowned":1,"minecraft:piglin":1,"minecraft:cave_spider":1},"minecraft:broken":{"minecraft:stone_axe":1,"minecraft:iron_pickaxe":2},"minecraft:used":{"minecraft:iron_shovel":122,"minecraft:flint_and_steel":1,"minecraft:shield":59,"minecraft:iron_sword":435,"minecraft:rotten_flesh":5,"minecraft:netherrack":5,"minecraft:torch":40,"minecraft:dirt":4,"minecraft:ancient_debris":1,"minecraft:mutton":13,"minecraft:acacia_sapling":1,"minecraft:obsidian":13,"minecraft:lava_bucket":3,"minecraft:iron_axe":1,"minecraft:beef":2,"minecraft:bow":4,"minecraft:oak_sapling":3,"minecraft:furnace":3,"minecraft:cooked_beef":1,"minecraft:golden_axe":3,"minecraft:lodestone":2,"minecraft:diorite":1,"minecraft:iron_ore":9,"minecraft:birch_planks":3,"minecraft:stone_pickaxe":65,"minecraft:oak_planks":1,"minecraft:blackstone":26,"minecraft:cactus":1,"minecraft:cobblestone_slab":1,"minecraft:diamond_axe":75,"minecraft:gilded_blackstone":1,"minecraft:white_wool":3,"minecraft:golden_apple":1,"minecraft:sand":4,"minecraft:tnt":1,"minecraft:crafting_table":8,"minecraft:red_bed":2,"minecraft:crossbow":47,"minecraft:white_bed":2,"minecraft:diamond_pickaxe":576,"minecraft:cracked_polished_blackstone_bricks":2,"minecraft:bread":8,"minecraft:iron_pickaxe":495,"minecraft:gravel":1,"minecraft:stone_axe":18,"minecraft:wooden_sword":21,"minecraft:cobblestone":259,"minecraft:porkchop":2,"minecraft:bucket":5,"minecraft:andesite":2},"minecraft:picked_up":{"minecraft:iron_chestplate":3,"minecraft:crafting_table":4,"minecraft:gold_block":16,"minecraft:gilded_blackstone":1,"minecraft:shield":9,"minecraft:string":213,"minecraft:red_bed":3,"minecraft:soul_soil":19,"minecraft:flint_and_steel":2,"minecraft:iron_leggings":1,"minecraft:iron_shovel":7,"minecraft:blackstone":74,"minecraft:diamond_leggings":9,"minecraft:gold_nugget":32,"minecraft:bucket":1,"minecraft:beef":28,"minecraft:oak_boat":2,"minecraft:cobblestone_slab":2,"minecraft:iron_pickaxe":9,"minecraft:chest":2,"minecraft:sugar_cane":18,"minecraft:iron_boots":9,"minecraft:furnace":49,"minecraft:stick":148,"minecraft:sandstone":3,"minecraft:oak_fence":8,"minecraft:torch":220,"minecraft:acacia_log":36,"minecraft:porkchop":2,"minecraft:polished_blackstone_bricks":33,"minecraft:golden_axe":2,"minecraft:diorite":42,"minecraft:redstone":48,"minecraft:orange_bed":1,"minecraft:tnt":14,"minecraft:arrow":19,"minecraft:cactus":2,"minecraft:diamond_chestplate":3,"minecraft:rotten_flesh":7,"minecraft:diamond_boots":2,"minecraft:saddle":2,"minecraft:bone_block":34,"minecraft:mutton":27,"minecraft:obsidian":45,"minecraft:rail":1,"minecraft:white_wool":32,"minecraft:cobblestone":1588,"minecraft:birch_log":20,"minecraft:magma_cream":7,"minecraft:basalt":19,"minecraft:water_bucket":5,"minecraft:andesite":49,"minecraft:leather":10,"minecraft:birch_planks":44,"minecraft:flint":3,"minecraft:oak_log":15,"minecraft:ancient_debris":1,"minecraft:golden_boots":1,"minecraft:gunpowder":29,"minecraft:paper":3,"minecraft:dirt":155,"minecraft:bone":13,"minecraft:kelp":1,"minecraft:bow":5,"minecraft:wheat_seeds":123,"minecraft:stone_pickaxe":5,"minecraft:iron_ingot":22,"minecraft:iron_ore":100,"minecraft:diamond_helmet":2,"minecraft:soul_sand":9,"minecraft:acacia_sapling":4,"minecraft:oak_planks":108,"minecraft:iron_sword":8,"minecraft:lava_bucket":2,"minecraft:gravel":12,"minecraft:sand":5,"minecraft:white_bed":2,"minecraft:spectral_arrow":50,"minecraft:gold_ore":52,"minecraft:spider_eye":21,"minecraft:diamond":48,"minecraft:cracked_polished_blackstone_bricks":2,"minecraft:stone_axe":1,"minecraft:crossbow":3,"minecraft:iron_helmet":3,"minecraft:diamond_axe":4,"minecraft:granite":51,"minecraft:emerald":8,"minecraft:bread":14,"minecraft:lodestone":4,"minecraft:oak_sapling":9,"minecraft:netherrack":29,"minecraft:coal":138,"minecraft:diamond_pickaxe":3,"minecraft:ender_pearl":2},"minecraft:killed":{"minecraft:cave_spider":6,"minecraft:spider":6,"minecraft:skeleton":4,"minecraft:piglin_brute":2,"minecraft:piglin":4,"minecraft:husk":4,"minecraft:pig":2,"minecraft:creeper":3,"minecraft:sheep":7,"minecraft:donkey":1,"minecraft:zombie":9,"minecraft:enderman":1,"minecraft:cow":5},"minecraft:crafted":{"minecraft:wooden_sword":1,"minecraft:oak_planks":36,"minecraft:furnace":9,"minecraft:flint_and_steel":1,"minecraft:diamond_helmet":1,"minecraft:diamond_leggings":1,"minecraft:iron_boots":1,"minecraft:iron_axe":1,"minecraft:diamond_boots":1,"minecraft:chest":1,"minecraft:cooked_beef":5,"minecraft:crossbow":1,"minecraft:arrow":48,"minecraft:emerald":7,"minecraft:diamond_axe":1,"minecraft:crafting_table":5,"minecraft:iron_helmet":1,"minecraft:iron_sword":2,"minecraft:bucket":2,"minecraft:birch_planks":52,"minecraft:air":0,"minecraft:diamond_pickaxe":1,"minecraft:shield":2,"minecraft:stick":292,"minecraft:iron_pickaxe":2,"minecraft:iron_ingot":58,"minecraft:iron_shovel":2,"minecraft:iron_leggings":2,"minecraft:acacia_planks":116,"minecraft:torch":52,"minecraft:diamond_chestplate":1},"minecraft:mined":{"minecraft:nether_gold_ore":2,"minecraft:diamond_ore":39,"minecraft:white_bed":1,"minecraft:chiseled_polished_blackstone":1,"minecraft:obsidian":21,"minecraft:granite":6,"minecraft:acacia_log":30,"minecraft:grass_block":48,"minecraft:cracked_polished_blackstone_bricks":4,"minecraft:soul_soil":19,"minecraft:kelp":1,"minecraft:sandstone":3,"minecraft:gilded_blackstone":3,"minecraft:polished_blackstone_bricks":26,"minecraft:magma_block":3,"minecraft:redstone_ore":5,"minecraft:furnace":1,"minecraft:iron_ore":64,"minecraft:fire":2,"minecraft:andesite":27,"minecraft:gold_block":16,"minecraft:stone":588,"minecraft:bone_block":27,"minecraft:orange_bed":1,"minecraft:acacia_leaves":4,"minecraft:blackstone":68,"minecraft:red_bed":1,"minecraft:soul_sand":9,"minecraft:kelp_plant":1,"minecraft:basalt":8,"minecraft:oak_fence":1,"minecraft:crafting_table":3,"minecraft:torch":3,"minecraft:chest":1,"minecraft:dead_bush":6,"minecraft:tall_grass":8,"minecraft:cobblestone":66,"minecraft:polished_blackstone_brick_stairs":2,"minecraft:diorite":27,"minecraft:wall_torch":7,"minecraft:birch_planks":2,"minecraft:cactus":2,"minecraft:birch_log":6,"minecraft:wheat":2,"minecraft:grass_path":8,"minecraft:grass":51,"minecraft:oak_log":15,"minecraft:coal_ore":11,"minecraft:gravel":14,"minecraft:sand":12,"minecraft:dirt":66,"minecraft:lodestone":2,"minecraft:cobweb":29,"minecraft:ancient_debris":1,"minecraft:netherrack":32,"minecraft:gold_ore":12,"minecraft:oak_leaves":7},"minecraft:dropped":{"minecraft:gold_ore":4,"minecraft:iron_sword":2,"minecraft:soul_sand":9,"minecraft:ender_pearl":2,"minecraft:diamond_leggings":1,"minecraft:golden_axe":1,"minecraft:iron_helmet":1,"minecraft:cobblestone":338,"minecraft:leather":6,"minecraft:granite":15,"minecraft:dirt":35,"minecraft:diorite":23,"minecraft:lodestone":1,"minecraft:gold_nugget":5,"minecraft:polished_blackstone_bricks":33,"minecraft:iron_pickaxe":2,"minecraft:iron_shovel":1,"minecraft:string":21,"minecraft:white_wool":7,"minecraft:gold_ingot":2,"minecraft:redstone":48,"minecraft:bone":4,"minecraft:gravel":10,"minecraft:blackstone":34,"minecraft:soul_soil":19,"minecraft:iron_boots":2,"minecraft:shield":2,"minecraft:gunpowder":6,"minecraft:iron_chestplate":1,"minecraft:andesite":5,"minecraft:chest":1,"minecraft:acacia_sapling":1,"minecraft:spider_eye":3,"minecraft:iron_ore":2,"minecraft:sandstone":3,"minecraft:basalt":18,"minecraft:magma_cream":7,"minecraft:netherrack":18},"minecraft:custom":{"minecraft:mob_kills":52,"minecraft:interact_with_crafting_table":26,"minecraft:bell_ring":2,"minecraft:leave_game":7,"minecraft:time_since_death":19021,"minecraft:sprint_one_cm":191282,"minecraft:walk_one_cm":486867,"minecraft:damage_blocked_by_shield":2695,"minecraft:drop":86,"minecraft:talked_to_villager":14,"minecraft:deaths":11,"minecraft:sneak_time":1528,"minecraft:walk_under_water_one_cm":11030,"minecraft:jump":1497,"minecraft:interact_with_blast_furnace":1,"minecraft:walk_on_water_one_cm":18169,"minecraft:interact_with_furnace":33,"minecraft:traded_with_villager":11,"minecraft:play_one_minute":184225,"minecraft:sleep_in_bed":4,"minecraft:time_since_rest":19051,"minecraft:damage_taken":4013,"minecraft:damage_absorbed":40,"minecraft:damage_dealt":7745,"minecraft:swim_one_cm":6683,"minecraft:fly_one_cm":143771,"minecraft:player_kills":3,"minecraft:open_chest":5,"minecraft:crouch_one_cm":4295,"minecraft:fall_one_cm":28657,"minecraft:horse_one_cm":314010}},"DataVersion":2586}