{"stats":{"minecraft:killed_by":{"minecraft:player":3,"minecraft:spider":1,"minecraft:drowned":1,"minecraft:cave_spider":1},"minecraft:broken":{"minecraft:stone_axe":1,"minecraft:iron_pickaxe":1},"minecraft:used":{"minecraft:iron_shovel":82,"minecraft:shield":45,"minecraft:iron_sword":367,"minecraft:rotten_flesh":5,"minecraft:torch":13,"minecraft:dirt":4,"minecraft:acacia_sapling":1,"minecraft:iron_axe":1,"minecraft:bow":1,"minecraft:oak_sapling":3,"minecraft:furnace":1,"minecraft:iron_ore":9,"minecraft:birch_planks":3,"minecraft:stone_pickaxe":65,"minecraft:oak_planks":1,"minecraft:diamond_axe":74,"minecraft:crafting_table":5,"minecraft:crossbow":41,"minecraft:white_bed":2,"minecraft:diamond_pickaxe":18,"minecraft:bread":3,"minecraft:iron_pickaxe":324,"minecraft:gravel":1,"minecraft:stone_axe":18,"minecraft:wooden_sword":21,"minecraft:cobblestone":52,"minecraft:porkchop":2,"minecraft:andesite":2},"minecraft:picked_up":{"minecraft:iron_chestplate":2,"minecraft:crafting_table":3,"minecraft:shield":6,"minecraft:string":113,"minecraft:red_bed":1,"minecraft:iron_leggings":1,"minecraft:iron_shovel":2,"minecraft:diamond_leggings":6,"minecraft:beef":7,"minecraft:oak_boat":2,"minecraft:cobblestone_slab":1,"minecraft:iron_pickaxe":8,"minecraft:sugar_cane":18,"minecraft:iron_boots":7,"minecraft:furnace":25,"minecraft:stick":36,"minecraft:oak_fence":8,"minecraft:torch":112,"minecraft:acacia_log":29,"minecraft:porkchop":2,"minecraft:diorite":18,"minecraft:orange_bed":1,"minecraft:tnt":7,"minecraft:arrow":4,"minecraft:cactus":1,"minecraft:rotten_flesh":7,"minecraft:saddle":2,"minecraft:mutton":14,"minecraft:obsidian":8,"minecraft:rail":1,"minecraft:white_wool":7,"minecraft:cobblestone":931,"minecraft:birch_log":20,"minecraft:andesite":44,"minecraft:leather":4,"minecraft:birch_planks":44,"minecraft:flint":2,"minecraft:oak_log":15,"minecraft:gunpowder":11,"minecraft:paper":3,"minecraft:dirt":120,"minecraft:bone":9,"minecraft:kelp":1,"minecraft:bow":2,"minecraft:wheat_seeds":36,"minecraft:stone_pickaxe":5,"minecraft:iron_ingot":14,"minecraft:iron_ore":86,"minecraft:acacia_sapling":3,"minecraft:oak_planks":104,"minecraft:iron_sword":4,"minecraft:gravel":2,"minecraft:white_bed":2,"minecraft:gold_ore":52,"minecraft:spider_eye":18,"minecraft:diamond":24,"minecraft:stone_axe":1,"minecraft:iron_helmet":2,"minecraft:diamond_axe":1,"minecraft:granite":36,"minecraft:emerald":6,"minecraft:bread":8,"minecraft:oak_sapling":9,"minecraft:coal":94,"minecraft:ender_pearl":2},"minecraft:killed":{"minecraft:cave_spider":6,"minecraft:spider":6,"minecraft:skeleton":4,"minecraft:husk":4,"minecraft:pig":2,"minecraft:creeper":3,"minecraft:sheep":6,"minecraft:zombie":9,"minecraft:enderman":1,"minecraft:cow":5},"minecraft:mined":{"minecraft:diamond_ore":15,"minecraft:white_bed":1,"minecraft:obsidian":8,"minecraft:acacia_log":30,"minecraft:grass_block":47,"minecraft:kelp":1,"minecraft:furnace":1,"minecraft:iron_ore":51,"minecraft:fire":2,"minecraft:andesite":22,"minecraft:stone":246,"minecraft:orange_bed":1,"minecraft:acacia_leaves":4,"minecraft:kelp_plant":1,"minecraft:oak_fence":1,"minecraft:crafting_table":2,"minecraft:torch":1,"minecraft:dead_bush":5,"minecraft:tall_grass":8,"minecraft:cobblestone":15,"minecraft:diorite":4,"minecraft:wall_torch":4,"minecraft:birch_planks":2,"minecraft:birch_log":6,"minecraft:wheat":2,"minecraft:grass_path":8,"minecraft:grass":50,"minecraft:oak_log":15,"minecraft:coal_ore":10,"minecraft:gravel":2,"minecraft:sand":7,"minecraft:dirt":28,"minecraft:cobweb":29,"minecraft:gold_ore":12,"minecraft:oak_leaves":7},"minecraft:crafted":{"minecraft:wooden_sword":1,"minecraft:oak_planks":36,"minecraft:furnace":8,"minecraft:iron_boots":1,"minecraft:iron_axe":1,"minecraft:chest":1,"minecraft:crossbow":1,"minecraft:arrow":48,"minecraft:emerald":6,"minecraft:diamond_axe":1,"minecraft:crafting_table":3,"minecraft:iron_helmet":1,"minecraft:iron_sword":2,"minecraft:birch_planks":52,"minecraft:air":0,"minecraft:diamond_pickaxe":1,"minecraft:shield":2,"minecraft:stick":244,"minecraft:iron_pickaxe":2,"minecraft:iron_ingot":46,"minecraft:iron_shovel":1,"minecraft:iron_leggings":2,"minecraft:acacia_planks":88,"minecraft:torch":52},"minecraft:dropped":{"minecraft:gold_ore":4,"minecraft:ender_pearl":2,"minecraft:iron_pickaxe":2,"minecraft:iron_boots":1,"minecraft:shield":2},"minecraft:custom":{"minecraft:mob_kills":43,"minecraft:interact_with_crafting_table":17,"minecraft:bell_ring":2,"minecraft:leave_game":7,"minecraft:time_since_death":22151,"minecraft:sprint_one_cm":98309,"minecraft:walk_one_cm":280758,"minecraft:damage_blocked_by_shield":1520,"minecraft:drop":11,"minecraft:talked_to_villager":11,"minecraft:deaths":8,"minecraft:sneak_time":703,"minecraft:walk_under_water_one_cm":9345,"minecraft:jump":622,"minecraft:interact_with_blast_furnace":1,"minecraft:walk_on_water_one_cm":16025,"minecraft:interact_with_furnace":21,"minecraft:traded_with_villager":10,"minecraft:play_one_minute":114514,"minecraft:sleep_in_bed":3,"minecraft:time_since_rest":22183,"minecraft:damage_taken":2436,"minecraft:damage_dealt":6376,"minecraft:swim_one_cm":6683,"minecraft:fly_one_cm":47691,"minecraft:player_kills":3,"minecraft:open_chest":1,"minecraft:crouch_one_cm":1653,"minecraft:fall_one_cm":7303,"minecraft:horse_one_cm":312377}},"DataVersion":2586}