{"stats":{"minecraft:killed_by":{"minecraft:player":3,"minecraft:cave_spider":1,"minecraft:spider":1,"minecraft:drowned":1},"minecraft:broken":{"minecraft:stone_axe":1,"minecraft:iron_pickaxe":1},"minecraft:used":{"minecraft:iron_ore":9,"minecraft:iron_shovel":82,"minecraft:birch_planks":3,"minecraft:stone_pickaxe":65,"minecraft:oak_planks":1,"minecraft:shield":45,"minecraft:iron_sword":338,"minecraft:diamond_axe":41,"minecraft:rotten_flesh":5,"minecraft:torch":13,"minecraft:dirt":4,"minecraft:crafting_table":3,"minecraft:white_bed":2,"minecraft:acacia_sapling":1,"minecraft:iron_axe":1,"minecraft:iron_pickaxe":324,"minecraft:gravel":1,"minecraft:stone_axe":18,"minecraft:wooden_sword":21,"minecraft:bow":1,"minecraft:cobblestone":25,"minecraft:oak_sapling":3,"minecraft:furnace":1,"minecraft:porkchop":2,"minecraft:andesite":2},"minecraft:picked_up":{"minecraft:birch_log":20,"minecraft:iron_chestplate":1,"minecraft:crafting_table":2,"minecraft:andesite":44,"minecraft:birch_planks":44,"minecraft:flint":2,"minecraft:oak_log":11,"minecraft:shield":5,"minecraft:gunpowder":5,"minecraft:paper":3,"minecraft:dirt":120,"minecraft:string":92,"minecraft:iron_leggings":1,"minecraft:iron_shovel":1,"minecraft:bone":5,"minecraft:kelp":1,"minecraft:bow":1,"minecraft:diamond_leggings":4,"minecraft:wheat_seeds":7,"minecraft:iron_ingot":14,"minecraft:stone_pickaxe":5,"minecraft:oak_boat":2,"minecraft:iron_ore":86,"minecraft:iron_pickaxe":7,"minecraft:sugar_cane":18,"minecraft:acacia_sapling":2,"minecraft:iron_sword":3,"minecraft:oak_planks":104,"minecraft:iron_boots":6,"minecraft:furnace":17,"minecraft:stick":6,"minecraft:oak_fence":8,"minecraft:torch":62,"minecraft:acacia_log":22,"minecraft:gravel":2,"minecraft:porkchop":2,"minecraft:diorite":16,"minecraft:white_bed":2,"minecraft:gold_ore":40,"minecraft:spider_eye":15,"minecraft:orange_bed":1,"minecraft:arrow":2,"minecraft:rotten_flesh":7,"minecraft:diamond":21,"minecraft:stone_axe":1,"minecraft:iron_helmet":1,"minecraft:granite":27,"minecraft:saddle":1,"minecraft:oak_sapling":9,"minecraft:mutton":2,"minecraft:white_wool":1,"minecraft:coal":79,"minecraft:rail":1,"minecraft:cobblestone":803,"minecraft:ender_pearl":2},"minecraft:killed":{"minecraft:cave_spider":6,"minecraft:pig":2,"minecraft:spider":6,"minecraft:creeper":2,"minecraft:sheep":1,"minecraft:skeleton":3,"minecraft:zombie":8,"minecraft:enderman":1},"minecraft:mined":{"minecraft:diamond_ore":15,"minecraft:acacia_leaves":3,"minecraft:white_bed":1,"minecraft:kelp_plant":1,"minecraft:oak_fence":1,"minecraft:crafting_table":1,"minecraft:torch":1,"minecraft:acacia_log":22,"minecraft:grass_block":47,"minecraft:dead_bush":4,"minecraft:tall_grass":3,"minecraft:cobblestone":10,"minecraft:kelp":1,"minecraft:diorite":4,"minecraft:wall_torch":4,"minecraft:birch_planks":2,"minecraft:furnace":1,"minecraft:birch_log":6,"minecraft:iron_ore":51,"minecraft:wheat":2,"minecraft:andesite":22,"minecraft:grass_path":8,"minecraft:grass":40,"minecraft:oak_log":11,"minecraft:coal_ore":10,"minecraft:gravel":2,"minecraft:dirt":28,"minecraft:cobweb":29,"minecraft:stone":241,"minecraft:gold_ore":12,"minecraft:oak_leaves":3,"minecraft:orange_bed":1},"minecraft:crafted":{"minecraft:wooden_sword":1,"minecraft:oak_planks":20,"minecraft:diamond_axe":1,"minecraft:crafting_table":2,"minecraft:iron_helmet":1,"minecraft:iron_sword":2,"minecraft:furnace":8,"minecraft:birch_planks":52,"minecraft:iron_boots":1,"minecraft:shield":2,"minecraft:iron_axe":1,"minecraft:stick":244,"minecraft:iron_ingot":46,"minecraft:iron_pickaxe":2,"minecraft:iron_shovel":1,"minecraft:iron_leggings":2,"minecraft:acacia_planks":88,"minecraft:torch":52},"minecraft:dropped":{"minecraft:gold_ore":4,"minecraft:ender_pearl":2,"minecraft:iron_boots":1,"minecraft:shield":2,"minecraft:iron_pickaxe":2},"minecraft:custom":{"minecraft:interact_with_furnace":21,"minecraft:mob_kills":26,"minecraft:interact_with_crafting_table":15,"minecraft:play_one_minute":90742,"minecraft:leave_game":4,"minecraft:time_since_death":8345,"minecraft:sleep_in_bed":3,"minecraft:time_since_rest":8873,"minecraft:sprint_one_cm":79142,"minecraft:damage_taken":2265,"minecraft:walk_one_cm":237147,"minecraft:damage_blocked_by_shield":1520,"minecraft:drop":11,"minecraft:damage_dealt":5899,"minecraft:talked_to_villager":6,"minecraft:player_kills":3,"minecraft:swim_one_cm":6683,"minecraft:fly_one_cm":31649,"minecraft:open_chest":1,"minecraft:crouch_one_cm":1528,"minecraft:deaths":7,"minecraft:sneak_time":541,"minecraft:walk_under_water_one_cm":9345,"minecraft:jump":484,"minecraft:interact_with_blast_furnace":1,"minecraft:walk_on_water_one_cm":15801,"minecraft:fall_one_cm":5242}},"DataVersion":2586}