{"stats":{"minecraft:killed_by":{"minecraft:player":3,"minecraft:cave_spider":1,"minecraft:spider":1,"minecraft:drowned":1},"minecraft:broken":{"minecraft:stone_axe":1,"minecraft:iron_pickaxe":1},"minecraft:used":{"minecraft:iron_ore":9,"minecraft:iron_shovel":82,"minecraft:birch_planks":3,"minecraft:stone_pickaxe":65,"minecraft:oak_planks":1,"minecraft:shield":23,"minecraft:iron_sword":197,"minecraft:rotten_flesh":2,"minecraft:torch":13,"minecraft:dirt":4,"minecraft:crafting_table":3,"minecraft:white_bed":2,"minecraft:iron_axe":1,"minecraft:iron_pickaxe":324,"minecraft:gravel":1,"minecraft:stone_axe":18,"minecraft:wooden_sword":21,"minecraft:cobblestone":25,"minecraft:furnace":1,"minecraft:porkchop":2,"minecraft:andesite":2},"minecraft:picked_up":{"minecraft:birch_log":20,"minecraft:crafting_table":2,"minecraft:andesite":44,"minecraft:birch_planks":44,"minecraft:flint":2,"minecraft:oak_log":6,"minecraft:shield":4,"minecraft:gunpowder":3,"minecraft:paper":3,"minecraft:dirt":120,"minecraft:string":73,"minecraft:iron_leggings":1,"minecraft:bone":3,"minecraft:kelp":1,"minecraft:wheat_seeds":5,"minecraft:iron_ingot":14,"minecraft:stone_pickaxe":5,"minecraft:oak_boat":2,"minecraft:iron_ore":86,"minecraft:iron_pickaxe":6,"minecraft:sugar_cane":18,"minecraft:iron_sword":2,"minecraft:oak_planks":104,"minecraft:iron_boots":5,"minecraft:furnace":9,"minecraft:stick":1,"minecraft:oak_fence":8,"minecraft:torch":12,"minecraft:gravel":2,"minecraft:porkchop":2,"minecraft:diorite":14,"minecraft:white_bed":2,"minecraft:gold_ore":28,"minecraft:spider_eye":12,"minecraft:orange_bed":1,"minecraft:arrow":1,"minecraft:rotten_flesh":4,"minecraft:diamond":15,"minecraft:stone_axe":1,"minecraft:granite":18,"minecraft:oak_sapling":6,"minecraft:coal":64,"minecraft:rail":1,"minecraft:cobblestone":683,"minecraft:ender_pearl":2},"minecraft:killed":{"minecraft:cave_spider":6,"minecraft:pig":2,"minecraft:spider":2,"minecraft:creeper":1,"minecraft:skeleton":1,"minecraft:zombie":4,"minecraft:enderman":1},"minecraft:mined":{"minecraft:diamond_ore":15,"minecraft:white_bed":1,"minecraft:kelp_plant":1,"minecraft:oak_fence":1,"minecraft:crafting_table":1,"minecraft:torch":1,"minecraft:grass_block":47,"minecraft:cobblestone":10,"minecraft:kelp":1,"minecraft:diorite":4,"minecraft:wall_torch":4,"minecraft:birch_planks":2,"minecraft:furnace":1,"minecraft:birch_log":6,"minecraft:iron_ore":51,"minecraft:wheat":2,"minecraft:andesite":22,"minecraft:grass_path":8,"minecraft:oak_log":6,"minecraft:coal_ore":10,"minecraft:gravel":2,"minecraft:dirt":28,"minecraft:cobweb":29,"minecraft:stone":241,"minecraft:gold_ore":12,"minecraft:oak_leaves":2,"minecraft:orange_bed":1},"minecraft:crafted":{"minecraft:wooden_sword":1,"minecraft:crafting_table":2,"minecraft:iron_helmet":1,"minecraft:iron_sword":2,"minecraft:furnace":8,"minecraft:birch_planks":52,"minecraft:iron_boots":1,"minecraft:shield":2,"minecraft:iron_axe":1,"minecraft:stick":28,"minecraft:iron_ingot":46,"minecraft:iron_pickaxe":2,"minecraft:iron_shovel":1,"minecraft:iron_leggings":2,"minecraft:torch":52},"minecraft:dropped":{"minecraft:gold_ore":4,"minecraft:ender_pearl":2,"minecraft:iron_boots":1,"minecraft:shield":2,"minecraft:iron_pickaxe":2},"minecraft:custom":{"minecraft:interact_with_furnace":21,"minecraft:mob_kills":14,"minecraft:interact_with_crafting_table":14,"minecraft:play_one_minute":78742,"minecraft:leave_game":4,"minecraft:time_since_death":14173,"minecraft:sleep_in_bed":3,"minecraft:time_since_rest":14197,"minecraft:sprint_one_cm":43506,"minecraft:damage_taken":1820,"minecraft:walk_one_cm":186812,"minecraft:damage_blocked_by_shield":955,"minecraft:drop":11,"minecraft:damage_dealt":3731,"minecraft:player_kills":3,"minecraft:swim_one_cm":6683,"minecraft:fly_one_cm":9475,"minecraft:open_chest":1,"minecraft:crouch_one_cm":1528,"minecraft:deaths":6,"minecraft:sneak_time":537,"minecraft:walk_under_water_one_cm":9345,"minecraft:jump":341,"minecraft:walk_on_water_one_cm":14773,"minecraft:fall_one_cm":3601}},"DataVersion":2586}