{"stats":{"minecraft:crafted":{"minecraft:wooden_sword":1,"minecraft:oak_planks":36,"minecraft:furnace":9,"minecraft:bookshelf":6,"minecraft:flint_and_steel":1,"minecraft:diamond_helmet":2,"minecraft:diamond_leggings":1,"minecraft:iron_boots":1,"minecraft:iron_axe":1,"minecraft:tipped_arrow":10,"minecraft:diamond_boots":2,"minecraft:chest":1,"minecraft:golden_boots":1,"minecraft:cooked_beef":5,"minecraft:crossbow":2,"minecraft:diamond_sword":1,"minecraft:arrow":240,"minecraft:emerald":7,"minecraft:diamond_axe":1,"minecraft:crafting_table":5,"minecraft:iron_helmet":1,"minecraft:iron_sword":2,"minecraft:bucket":2,"minecraft:birch_planks":52,"minecraft:enchanted_book":3,"minecraft:air":0,"minecraft:diamond_pickaxe":1,"minecraft:shield":4,"minecraft:stick":292,"minecraft:iron_ingot":58,"minecraft:iron_pickaxe":2,"minecraft:iron_shovel":2,"minecraft:iron_leggings":2,"minecraft:gold_ingot":9,"minecraft:torch":52,"minecraft:acacia_planks":116,"minecraft:diamond_chestplate":2},"minecraft:picked_up":{"minecraft:iron_chestplate":3,"minecraft:crafting_table":4,"minecraft:wheat":2,"minecraft:gold_block":16,"minecraft:gilded_blackstone":1,"minecraft:shield":9,"minecraft:string":213,"minecraft:red_bed":4,"minecraft:soul_soil":23,"minecraft:flint_and_steel":4,"minecraft:iron_leggings":1,"minecraft:iron_shovel":7,"minecraft:blackstone":74,"minecraft:diamond_leggings":9,"minecraft:gold_nugget":32,"minecraft:bucket":1,"minecraft:beef":28,"minecraft:oak_boat":2,"minecraft:cobblestone_slab":2,"minecraft:iron_pickaxe":9,"minecraft:sugar_cane":18,"minecraft:chest":3,"minecraft:iron_boots":9,"minecraft:furnace":49,"minecraft:tipped_arrow":6,"minecraft:stick":148,"minecraft:sandstone":3,"minecraft:oak_fence":8,"minecraft:torch":220,"minecraft:acacia_log":36,"minecraft:porkchop":2,"minecraft:polished_blackstone_bricks":33,"minecraft:golden_axe":2,"minecraft:diorite":66,"minecraft:redstone":77,"minecraft:tnt":14,"minecraft:orange_bed":1,"minecraft:cactus":2,"minecraft:arrow":20,"minecraft:rotten_flesh":8,"minecraft:diamond_chestplate":3,"minecraft:diamond_boots":2,"minecraft:saddle":3,"minecraft:obsidian":45,"minecraft:mutton":27,"minecraft:bone_block":34,"minecraft:rail":1,"minecraft:white_wool":32,"minecraft:cobblestone":1654,"minecraft:birch_log":20,"minecraft:basalt":19,"minecraft:magma_cream":7,"minecraft:water_bucket":5,"minecraft:andesite":50,"minecraft:leather":10,"minecraft:birch_planks":44,"minecraft:flint":3,"minecraft:oak_log":15,"minecraft:ancient_debris":5,"minecraft:golden_boots":1,"minecraft:gunpowder":29,"minecraft:lapis_lazuli":53,"minecraft:dirt":168,"minecraft:paper":3,"minecraft:cooked_mutton":3,"minecraft:bone":14,"minecraft:kelp":1,"minecraft:bow":5,"minecraft:wheat_seeds":134,"minecraft:iron_ingot":22,"minecraft:stone_pickaxe":5,"minecraft:iron_ore":101,"minecraft:diamond_helmet":2,"minecraft:iron_sword":8,"minecraft:oak_planks":108,"minecraft:acacia_sapling":4,"minecraft:soul_sand":12,"minecraft:book":3,"minecraft:cooked_porkchop":4,"minecraft:gravel":12,"minecraft:lava_bucket":2,"minecraft:sand":15,"minecraft:ink_sac":2,"minecraft:white_bed":2,"minecraft:gold_ore":52,"minecraft:spectral_arrow":50,"minecraft:spider_eye":21,"minecraft:diamond":48,"minecraft:stone_axe":1,"minecraft:cracked_polished_blackstone_bricks":2,"minecraft:iron_helmet":3,"minecraft:granite":51,"minecraft:crossbow":3,"minecraft:diamond_axe":5,"minecraft:emerald":579,"minecraft:bread":14,"minecraft:lodestone":5,"minecraft:oak_sapling":9,"minecraft:netherrack":87,"minecraft:coal":138,"minecraft:diamond_pickaxe":3,"minecraft:ender_pearl":2},"minecraft:killed_by":{"minecraft:player":5,"minecraft:piglin_brute":1,"minecraft:spider":1,"minecraft:drowned":1,"minecraft:piglin":2,"minecraft:cave_spider":1,"minecraft:skeleton":1,"minecraft:zombie":1},"minecraft:mined":{"minecraft:nether_gold_ore":2,"minecraft:diamond_ore":39,"minecraft:white_bed":1,"minecraft:obsidian":21,"minecraft:granite":6,"minecraft:chiseled_polished_blackstone":1,"minecraft:acacia_log":30,"minecraft:grass_block":48,"minecraft:cracked_polished_blackstone_bricks":4,"minecraft:soul_soil":33,"minecraft:kelp":1,"minecraft:sandstone":3,"minecraft:gilded_blackstone":3,"minecraft:polished_blackstone_bricks":27,"minecraft:redstone_ore":5,"minecraft:magma_block":3,"minecraft:furnace":1,"minecraft:iron_ore":64,"minecraft:fire":3,"minecraft:andesite":27,"minecraft:gold_block":16,"minecraft:bookshelf":1,"minecraft:stone":588,"minecraft:bone_block":27,"minecraft:orange_bed":1,"minecraft:acacia_leaves":4,"minecraft:soul_sand":12,"minecraft:red_bed":2,"minecraft:blackstone":68,"minecraft:kelp_plant":1,"minecraft:basalt":8,"minecraft:oak_fence":1,"minecraft:torch":3,"minecraft:crafting_table":3,"minecraft:chest":2,"minecraft:dead_bush":6,"minecraft:tall_grass":8,"minecraft:cobblestone":66,"minecraft:polished_blackstone_brick_stairs":2,"minecraft:wall_torch":7,"minecraft:diorite":27,"minecraft:birch_planks":2,"minecraft:cactus":2,"minecraft:birch_log":6,"minecraft:wheat":2,"minecraft:grass_path":8,"minecraft:grass":51,"minecraft:coal_ore":11,"minecraft:oak_log":15,"minecraft:gravel":14,"minecraft:dirt":66,"minecraft:sand":22,"minecraft:cobweb":29,"minecraft:lodestone":2,"minecraft:ancient_debris":5,"minecraft:netherrack":98,"minecraft:gold_ore":12,"minecraft:oak_leaves":7},"minecraft:custom":{"minecraft:interact_with_anvil":5,"minecraft:mob_kills":64,"minecraft:interact_with_crafting_table":27,"minecraft:bell_ring":4,"minecraft:leave_game":11,"minecraft:time_since_death":55828,"minecraft:sprint_one_cm":227783,"minecraft:walk_one_cm":756387,"minecraft:damage_blocked_by_shield":2695,"minecraft:drop":92,"minecraft:talked_to_villager":58,"minecraft:deaths":18,"minecraft:sneak_time":2032,"minecraft:walk_under_water_one_cm":11030,"minecraft:jump":1872,"minecraft:interact_with_blast_furnace":1,"minecraft:walk_on_water_one_cm":22743,"minecraft:interact_with_furnace":33,"minecraft:traded_with_villager":45,"minecraft:play_one_minute":260552,"minecraft:interact_with_grindstone":3,"minecraft:sleep_in_bed":6,"minecraft:time_since_rest":8790,"minecraft:damage_taken":6374,"minecraft:damage_absorbed":40,"minecraft:damage_dealt":8184,"minecraft:player_kills":3,"minecraft:swim_one_cm":6683,"minecraft:fly_one_cm":163125,"minecraft:open_chest":44,"minecraft:crouch_one_cm":5273,"minecraft:fall_one_cm":45636,"minecraft:horse_one_cm":314010},"minecraft:used":{"minecraft:iron_shovel":128,"minecraft:flint_and_steel":1,"minecraft:chest":1,"minecraft:shield":59,"minecraft:iron_sword":435,"minecraft:rotten_flesh":5,"minecraft:netherrack":5,"minecraft:torch":40,"minecraft:soul_sand":1,"minecraft:dirt":13,"minecraft:mutton":13,"minecraft:ancient_debris":1,"minecraft:acacia_sapling":1,"minecraft:obsidian":17,"minecraft:lava_bucket":3,"minecraft:bookshelf":6,"minecraft:iron_axe":1,"minecraft:beef":2,"minecraft:bow":4,"minecraft:soul_soil":4,"minecraft:oak_sapling":3,"minecraft:furnace":3,"minecraft:cooked_beef":3,"minecraft:golden_axe":3,"minecraft:iron_ore":9,"minecraft:diorite":10,"minecraft:lodestone":2,"minecraft:birch_planks":3,"minecraft:stone_pickaxe":65,"minecraft:oak_planks":1,"minecraft:cactus":1,"minecraft:blackstone":36,"minecraft:diamond_axe":75,"minecraft:cobblestone_slab":1,"minecraft:gilded_blackstone":1,"minecraft:white_wool":3,"minecraft:golden_apple":1,"minecraft:sand":14,"minecraft:tnt":1,"minecraft:crafting_table":8,"minecraft:red_bed":3,"minecraft:crossbow":97,"minecraft:white_bed":3,"minecraft:diamond_pickaxe":650,"minecraft:cracked_polished_blackstone_bricks":2,"minecraft:bread":8,"minecraft:iron_pickaxe":495,"minecraft:gravel":1,"minecraft:stone_axe":18,"minecraft:cooked_porkchop":3,"minecraft:diamond_sword":18,"minecraft:fire_charge":1,"minecraft:wooden_sword":21,"minecraft:cobblestone":259,"minecraft:porkchop":2,"minecraft:andesite":2,"minecraft:bucket":5},"minecraft:broken":{"minecraft:stone_axe":1,"minecraft:iron_pickaxe":2},"minecraft:killed":{"minecraft:cave_spider":6,"minecraft:spider":7,"minecraft:skeleton":6,"minecraft:piglin_brute":2,"minecraft:piglin":4,"minecraft:husk":4,"minecraft:pig":2,"minecraft:salmon":1,"minecraft:creeper":4,"minecraft:squid":2,"minecraft:sheep":7,"minecraft:zombie":13,"minecraft:donkey":1,"minecraft:enderman":1,"minecraft:cow":5},"minecraft:dropped":{"minecraft:gold_ore":4,"minecraft:iron_sword":2,"minecraft:soul_sand":9,"minecraft:ender_pearl":2,"minecraft:diamond_leggings":1,"minecraft:golden_axe":1,"minecraft:iron_helmet":1,"minecraft:cobblestone":338,"minecraft:leather":6,"minecraft:granite":15,"minecraft:dirt":39,"minecraft:diorite":23,"minecraft:lodestone":1,"minecraft:gold_nugget":5,"minecraft:polished_blackstone_bricks":33,"minecraft:iron_pickaxe":2,"minecraft:iron_shovel":1,"minecraft:string":21,"minecraft:white_wool":7,"minecraft:redstone":48,"minecraft:gold_ingot":2,"minecraft:bone":4,"minecraft:gravel":10,"minecraft:blackstone":34,"minecraft:soul_soil":19,"minecraft:iron_boots":2,"minecraft:tipped_arrow":10,"minecraft:shield":2,"minecraft:gunpowder":6,"minecraft:iron_chestplate":1,"minecraft:andesite":5,"minecraft:acacia_sapling":1,"minecraft:chest":1,"minecraft:spider_eye":3,"minecraft:sandstone":3,"minecraft:iron_ore":2,"minecraft:basalt":18,"minecraft:magma_cream":7,"minecraft:netherrack":18}},"DataVersion":2586}