{"stats":{"minecraft:killed_by":{"minecraft:player":4,"minecraft:spider":1,"minecraft:drowned":1,"minecraft:cave_spider":1},"minecraft:broken":{"minecraft:stone_axe":1,"minecraft:iron_pickaxe":2},"minecraft:used":{"minecraft:iron_shovel":90,"minecraft:shield":48,"minecraft:iron_sword":380,"minecraft:rotten_flesh":5,"minecraft:torch":29,"minecraft:dirt":4,"minecraft:mutton":4,"minecraft:acacia_sapling":1,"minecraft:obsidian":13,"minecraft:lava_bucket":3,"minecraft:iron_axe":1,"minecraft:bow":2,"minecraft:oak_sapling":3,"minecraft:furnace":2,"minecraft:diorite":1,"minecraft:iron_ore":9,"minecraft:birch_planks":3,"minecraft:stone_pickaxe":65,"minecraft:oak_planks":1,"minecraft:cactus":1,"minecraft:cobblestone_slab":1,"minecraft:diamond_axe":75,"minecraft:sand":4,"minecraft:crafting_table":8,"minecraft:red_bed":2,"minecraft:crossbow":47,"minecraft:white_bed":2,"minecraft:diamond_pickaxe":329,"minecraft:bread":3,"minecraft:iron_pickaxe":495,"minecraft:gravel":1,"minecraft:stone_axe":18,"minecraft:wooden_sword":21,"minecraft:cobblestone":161,"minecraft:porkchop":2,"minecraft:bucket":5,"minecraft:andesite":2},"minecraft:picked_up":{"minecraft:iron_chestplate":3,"minecraft:crafting_table":4,"minecraft:shield":7,"minecraft:string":134,"minecraft:red_bed":3,"minecraft:iron_leggings":1,"minecraft:iron_shovel":3,"minecraft:diamond_leggings":7,"minecraft:bucket":1,"minecraft:beef":14,"minecraft:oak_boat":2,"minecraft:cobblestone_slab":2,"minecraft:iron_pickaxe":9,"minecraft:sugar_cane":18,"minecraft:iron_boots":9,"minecraft:furnace":33,"minecraft:stick":64,"minecraft:oak_fence":8,"minecraft:torch":165,"minecraft:acacia_log":36,"minecraft:porkchop":2,"minecraft:diorite":42,"minecraft:redstone":24,"minecraft:orange_bed":1,"minecraft:tnt":14,"minecraft:arrow":11,"minecraft:cactus":2,"minecraft:diamond_chestplate":1,"minecraft:rotten_flesh":7,"minecraft:saddle":2,"minecraft:mutton":26,"minecraft:obsidian":29,"minecraft:rail":1,"minecraft:white_wool":13,"minecraft:cobblestone":1402,"minecraft:birch_log":20,"minecraft:andesite":49,"minecraft:leather":8,"minecraft:birch_planks":44,"minecraft:flint":2,"minecraft:oak_log":15,"minecraft:gunpowder":17,"minecraft:paper":3,"minecraft:dirt":155,"minecraft:bone":13,"minecraft:kelp":1,"minecraft:bow":3,"minecraft:wheat_seeds":65,"minecraft:stone_pickaxe":5,"minecraft:iron_ingot":14,"minecraft:iron_ore":99,"minecraft:acacia_sapling":4,"minecraft:oak_planks":108,"minecraft:iron_sword":5,"minecraft:gravel":2,"minecraft:sand":5,"minecraft:white_bed":2,"minecraft:gold_ore":52,"minecraft:spider_eye":21,"minecraft:diamond":48,"minecraft:stone_axe":1,"minecraft:crossbow":1,"minecraft:iron_helmet":3,"minecraft:diamond_axe":2,"minecraft:granite":51,"minecraft:emerald":6,"minecraft:bread":13,"minecraft:oak_sapling":9,"minecraft:coal":110,"minecraft:diamond_pickaxe":1,"minecraft:ender_pearl":2},"minecraft:killed":{"minecraft:cave_spider":6,"minecraft:spider":6,"minecraft:skeleton":4,"minecraft:husk":4,"minecraft:pig":2,"minecraft:creeper":3,"minecraft:sheep":6,"minecraft:donkey":1,"minecraft:zombie":9,"minecraft:enderman":1,"minecraft:cow":5},"minecraft:mined":{"minecraft:diamond_ore":39,"minecraft:white_bed":1,"minecraft:obsidian":21,"minecraft:granite":6,"minecraft:acacia_log":30,"minecraft:grass_block":48,"minecraft:kelp":1,"minecraft:redstone_ore":5,"minecraft:furnace":1,"minecraft:iron_ore":64,"minecraft:fire":2,"minecraft:andesite":27,"minecraft:stone":588,"minecraft:orange_bed":1,"minecraft:acacia_leaves":4,"minecraft:red_bed":1,"minecraft:kelp_plant":1,"minecraft:oak_fence":1,"minecraft:crafting_table":3,"minecraft:torch":2,"minecraft:dead_bush":6,"minecraft:tall_grass":8,"minecraft:cobblestone":26,"minecraft:diorite":27,"minecraft:wall_torch":7,"minecraft:birch_planks":2,"minecraft:cactus":2,"minecraft:birch_log":6,"minecraft:wheat":2,"minecraft:grass_path":8,"minecraft:grass":51,"minecraft:oak_log":15,"minecraft:coal_ore":11,"minecraft:gravel":2,"minecraft:sand":12,"minecraft:dirt":66,"minecraft:cobweb":29,"minecraft:gold_ore":12,"minecraft:oak_leaves":7},"minecraft:crafted":{"minecraft:wooden_sword":1,"minecraft:oak_planks":36,"minecraft:furnace":9,"minecraft:diamond_helmet":1,"minecraft:diamond_leggings":1,"minecraft:iron_boots":1,"minecraft:iron_axe":1,"minecraft:diamond_boots":1,"minecraft:chest":1,"minecraft:crossbow":1,"minecraft:arrow":48,"minecraft:emerald":7,"minecraft:diamond_axe":1,"minecraft:crafting_table":5,"minecraft:iron_helmet":1,"minecraft:iron_sword":2,"minecraft:bucket":2,"minecraft:birch_planks":52,"minecraft:air":0,"minecraft:diamond_pickaxe":1,"minecraft:shield":2,"minecraft:stick":292,"minecraft:iron_pickaxe":2,"minecraft:iron_ingot":58,"minecraft:iron_shovel":2,"minecraft:iron_leggings":2,"minecraft:acacia_planks":116,"minecraft:torch":52,"minecraft:diamond_chestplate":1},"minecraft:dropped":{"minecraft:gold_ore":4,"minecraft:ender_pearl":2,"minecraft:diamond_leggings":1,"minecraft:iron_helmet":1,"minecraft:cobblestone":80,"minecraft:leather":4,"minecraft:granite":15,"minecraft:diorite":4,"minecraft:iron_pickaxe":2,"minecraft:bone":4,"minecraft:iron_boots":2,"minecraft:shield":2,"minecraft:iron_chestplate":1,"minecraft:andesite":5,"minecraft:acacia_sapling":1,"minecraft:spider_eye":3},"minecraft:custom":{"minecraft:mob_kills":44,"minecraft:interact_with_crafting_table":26,"minecraft:bell_ring":2,"minecraft:leave_game":7,"minecraft:time_since_death":29590,"minecraft:sprint_one_cm":123460,"minecraft:walk_one_cm":374660,"minecraft:damage_blocked_by_shield":2110,"minecraft:drop":27,"minecraft:talked_to_villager":14,"minecraft:deaths":9,"minecraft:sneak_time":891,"minecraft:walk_under_water_one_cm":10964,"minecraft:jump":915,"minecraft:interact_with_blast_furnace":1,"minecraft:walk_on_water_one_cm":16893,"minecraft:interact_with_furnace":28,"minecraft:traded_with_villager":11,"minecraft:play_one_minute":148225,"minecraft:sleep_in_bed":4,"minecraft:time_since_rest":23167,"minecraft:damage_taken":2857,"minecraft:damage_dealt":6459,"minecraft:swim_one_cm":6683,"minecraft:fly_one_cm":74642,"minecraft:player_kills":3,"minecraft:open_chest":1,"minecraft:crouch_one_cm":2412,"minecraft:fall_one_cm":9660,"minecraft:horse_one_cm":314010}},"DataVersion":2586}