{"stats":{"minecraft:used":{"minecraft:wheat_seeds":24,"minecraft:water_bucket":28,"minecraft:oak_planks":9,"minecraft:shield":28,"minecraft:cut_sandstone":5,"minecraft:white_wool":3,"minecraft:torch":11,"minecraft:crafting_table":1,"minecraft:lava_bucket":18,"minecraft:bread":4,"minecraft:iron_axe":23,"minecraft:iron_pickaxe":252,"minecraft:diamond_sword":116,"minecraft:cobblestone":90,"minecraft:bow":34,"minecraft:furnace":1,"minecraft:bucket":49,"minecraft:cooked_beef":9,"minecraft:orange_terracotta":1},"minecraft:picked_up":{"minecraft:crafting_table":1,"minecraft:iron_chestplate":1,"minecraft:wheat":33,"minecraft:andesite":5,"minecraft:brown_wool":1,"minecraft:leather":7,"minecraft:cut_sandstone":5,"minecraft:diamond_sword":1,"minecraft:oak_log":5,"minecraft:orange_terracotta":1,"minecraft:bone":3,"minecraft:diamond_leggings":2,"minecraft:wheat_seeds":98,"minecraft:iron_ingot":3,"minecraft:beef":14,"minecraft:iron_ore":24,"minecraft:light_gray_wool":2,"minecraft:acacia_sapling":2,"minecraft:egg":1,"minecraft:furnace":1,"minecraft:book":12,"minecraft:stick":4,"minecraft:acacia_log":7,"minecraft:gold_ore":7,"minecraft:tnt":7,"minecraft:arrow":3,"minecraft:rotten_flesh":16,"minecraft:diamond_chestplate":1,"minecraft:diamond_boots":1,"minecraft:iron_helmet":1,"minecraft:emerald":6,"minecraft:oak_button":1,"minecraft:bone_block":24,"minecraft:coal":37,"minecraft:mutton":22,"minecraft:white_wool":12,"minecraft:cobblestone":141,"minecraft:ender_pearl":1},"minecraft:killed":{"minecraft:husk":2,"minecraft:creeper":5,"minecraft:sheep":15,"minecraft:skeleton":5,"minecraft:zombie":18,"minecraft:ghast":1,"minecraft:enderman":1,"minecraft:cow":7},"minecraft:mined":{"minecraft:acacia_leaves":4,"minecraft:crafting_table":1,"minecraft:acacia_log":7,"minecraft:tall_grass":3,"minecraft:cobblestone":19,"minecraft:furnace":1,"minecraft:iron_ore":17,"minecraft:wheat":32,"minecraft:andesite":6,"minecraft:grass":14,"minecraft:coal_ore":38,"minecraft:oak_log":5,"minecraft:stone":139,"minecraft:bone_block":24,"minecraft:gold_ore":7},"minecraft:crafted":{"minecraft:cooked_beef":9,"minecraft:oak_planks":20,"minecraft:emerald":60,"minecraft:crafting_table":1,"minecraft:furnace":1,"minecraft:bucket":3,"minecraft:enchanted_book":2,"minecraft:cooked_mutton":22,"minecraft:bread":10,"minecraft:air":0,"minecraft:diamond_helmet":1,"minecraft:stick":12,"minecraft:iron_pickaxe":2,"minecraft:oak_button":1,"minecraft:acacia_planks":28,"minecraft:torch":40,"minecraft:diamond_chestplate":1},"minecraft:dropped":{"minecraft:enchanted_book":3,"minecraft:bread":6,"minecraft:wheat_seeds":74,"minecraft:tnt":7,"minecraft:wheat":3,"minecraft:diamond_leggings":1,"minecraft:iron_helmet":2,"minecraft:cobblestone":1,"minecraft:rotten_flesh":15,"minecraft:light_gray_wool":2,"minecraft:stick":2,"minecraft:shield":1,"minecraft:oak_button":2,"minecraft:gunpowder":3,"minecraft:diamond_chestplate":1,"minecraft:iron_chestplate":2,"minecraft:andesite":5,"minecraft:brown_wool":1,"minecraft:acacia_sapling":2,"minecraft:bow":1,"minecraft:iron_pickaxe":1,"minecraft:string":4,"minecraft:acacia_planks":19,"minecraft:egg":1},"minecraft:custom":{"minecraft:interact_with_furnace":19,"minecraft:mob_kills":58,"minecraft:interact_with_anvil":1,"minecraft:traded_with_villager":64,"minecraft:interact_with_crafting_table":9,"minecraft:play_one_minute":64090,"minecraft:bell_ring":1,"minecraft:interact_with_grindstone":1,"minecraft:leave_game":1,"minecraft:time_since_death":64090,"minecraft:time_since_rest":64090,"minecraft:sprint_one_cm":71129,"minecraft:damage_taken":717,"minecraft:walk_one_cm":123678,"minecraft:damage_blocked_by_shield":951,"minecraft:drop":72,"minecraft:damage_dealt":6367,"minecraft:talked_to_villager":27,"minecraft:swim_one_cm":1206,"minecraft:fly_one_cm":197493,"minecraft:open_chest":50,"minecraft:crouch_one_cm":13059,"minecraft:sneak_time":4799,"minecraft:walk_under_water_one_cm":4788,"minecraft:jump":1075,"minecraft:walk_on_water_one_cm":26729,"minecraft:fall_one_cm":30351}},"DataVersion":2586}