{"stats":{"minecraft:used":{"minecraft:wheat_seeds":24,"minecraft:water_bucket":6,"minecraft:lava_bucket":1,"minecraft:iron_axe":17,"minecraft:bread":4,"minecraft:shield":14,"minecraft:cut_sandstone":5,"minecraft:diamond_sword":19,"minecraft:bucket":8,"minecraft:cooked_beef":2,"minecraft:orange_terracotta":1},"minecraft:picked_up":{"minecraft:book":12,"minecraft:stick":2,"minecraft:iron_chestplate":1,"minecraft:wheat":32,"minecraft:cut_sandstone":5,"minecraft:acacia_log":7,"minecraft:diamond_sword":1,"minecraft:oak_log":5,"minecraft:tnt":7,"minecraft:orange_terracotta":1,"minecraft:diamond_chestplate":1,"minecraft:rotten_flesh":4,"minecraft:wheat_seeds":95,"minecraft:diamond_leggings":2,"minecraft:diamond_boots":1,"minecraft:iron_helmet":1,"minecraft:iron_ore":7,"minecraft:emerald":6,"minecraft:acacia_sapling":2,"minecraft:ender_pearl":1},"minecraft:killed":{"minecraft:husk":2,"minecraft:zombie":1,"minecraft:enderman":1},"minecraft:crafted":{"minecraft:oak_planks":20,"minecraft:diamond_helmet":1,"minecraft:emerald":60,"minecraft:bucket":3,"minecraft:acacia_planks":28,"minecraft:enchanted_book":2,"minecraft:bread":10,"minecraft:air":0,"minecraft:diamond_chestplate":1},"minecraft:mined":{"minecraft:acacia_leaves":4,"minecraft:wheat":32,"minecraft:grass":1,"minecraft:acacia_log":7,"minecraft:oak_log":5},"minecraft:dropped":{"minecraft:enchanted_book":1,"minecraft:bread":6,"minecraft:shield":1,"minecraft:wheat_seeds":71,"minecraft:diamond_chestplate":1,"minecraft:iron_chestplate":2,"minecraft:wheat":2,"minecraft:acacia_sapling":2,"minecraft:diamond_leggings":1,"minecraft:iron_helmet":2,"minecraft:rotten_flesh":3,"minecraft:bow":1,"minecraft:stick":2},"minecraft:custom":{"minecraft:time_since_rest":28090,"minecraft:interact_with_furnace":1,"minecraft:sprint_one_cm":29096,"minecraft:damage_taken":490,"minecraft:walk_one_cm":59926,"minecraft:damage_blocked_by_shield":441,"minecraft:interact_with_anvil":1,"minecraft:mob_kills":4,"minecraft:drop":26,"minecraft:damage_dealt":1443,"minecraft:traded_with_villager":64,"minecraft:swim_one_cm":54,"minecraft:talked_to_villager":27,"minecraft:interact_with_crafting_table":4,"minecraft:fly_one_cm":75801,"minecraft:open_chest":50,"minecraft:play_one_minute":28090,"minecraft:crouch_one_cm":906,"minecraft:sneak_time":365,"minecraft:bell_ring":1,"minecraft:walk_under_water_one_cm":2754,"minecraft:jump":363,"minecraft:interact_with_grindstone":1,"minecraft:leave_game":1,"minecraft:time_since_death":28090,"minecraft:walk_on_water_one_cm":1276,"minecraft:fall_one_cm":11524}},"DataVersion":2586}