{"stats":{"minecraft:used":{"minecraft:wheat_seeds":24,"minecraft:water_bucket":18,"minecraft:oak_planks":9,"minecraft:shield":25,"minecraft:cut_sandstone":5,"minecraft:white_wool":3,"minecraft:torch":11,"minecraft:crafting_table":1,"minecraft:lava_bucket":9,"minecraft:bread":4,"minecraft:iron_axe":22,"minecraft:iron_pickaxe":151,"minecraft:diamond_sword":110,"minecraft:cobblestone":63,"minecraft:bow":32,"minecraft:furnace":1,"minecraft:bucket":28,"minecraft:cooked_beef":8,"minecraft:orange_terracotta":1},"minecraft:picked_up":{"minecraft:crafting_table":1,"minecraft:iron_chestplate":1,"minecraft:wheat":32,"minecraft:andesite":5,"minecraft:brown_wool":1,"minecraft:leather":7,"minecraft:cut_sandstone":5,"minecraft:diamond_sword":1,"minecraft:oak_log":5,"minecraft:orange_terracotta":1,"minecraft:bone":1,"minecraft:diamond_leggings":2,"minecraft:wheat_seeds":98,"minecraft:beef":14,"minecraft:iron_ore":24,"minecraft:light_gray_wool":2,"minecraft:acacia_sapling":2,"minecraft:egg":1,"minecraft:furnace":1,"minecraft:book":12,"minecraft:stick":2,"minecraft:acacia_log":7,"minecraft:gold_ore":7,"minecraft:tnt":7,"minecraft:arrow":3,"minecraft:rotten_flesh":16,"minecraft:diamond_chestplate":1,"minecraft:diamond_boots":1,"minecraft:iron_helmet":1,"minecraft:emerald":6,"minecraft:oak_button":1,"minecraft:coal":37,"minecraft:mutton":22,"minecraft:white_wool":12,"minecraft:cobblestone":72,"minecraft:ender_pearl":1},"minecraft:killed":{"minecraft:husk":2,"minecraft:creeper":5,"minecraft:sheep":15,"minecraft:skeleton":4,"minecraft:zombie":18,"minecraft:enderman":1,"minecraft:cow":7},"minecraft:mined":{"minecraft:acacia_leaves":4,"minecraft:crafting_table":1,"minecraft:acacia_log":7,"minecraft:tall_grass":3,"minecraft:cobblestone":4,"minecraft:furnace":1,"minecraft:iron_ore":17,"minecraft:wheat":32,"minecraft:andesite":6,"minecraft:grass":14,"minecraft:coal_ore":38,"minecraft:oak_log":5,"minecraft:stone":78,"minecraft:gold_ore":7},"minecraft:crafted":{"minecraft:cooked_beef":8,"minecraft:oak_planks":20,"minecraft:emerald":60,"minecraft:crafting_table":1,"minecraft:furnace":1,"minecraft:bucket":3,"minecraft:enchanted_book":2,"minecraft:cooked_mutton":4,"minecraft:bread":10,"minecraft:air":0,"minecraft:diamond_helmet":1,"minecraft:stick":12,"minecraft:iron_pickaxe":1,"minecraft:oak_button":1,"minecraft:acacia_planks":28,"minecraft:torch":40,"minecraft:diamond_chestplate":1},"minecraft:dropped":{"minecraft:enchanted_book":3,"minecraft:bread":6,"minecraft:wheat_seeds":74,"minecraft:tnt":7,"minecraft:wheat":2,"minecraft:diamond_leggings":1,"minecraft:iron_helmet":2,"minecraft:rotten_flesh":3,"minecraft:stick":2,"minecraft:shield":1,"minecraft:oak_button":2,"minecraft:gunpowder":3,"minecraft:diamond_chestplate":1,"minecraft:iron_chestplate":2,"minecraft:acacia_sapling":2,"minecraft:bow":1,"minecraft:string":4,"minecraft:acacia_planks":19,"minecraft:egg":1},"minecraft:custom":{"minecraft:interact_with_furnace":15,"minecraft:mob_kills":56,"minecraft:interact_with_anvil":1,"minecraft:traded_with_villager":64,"minecraft:interact_with_crafting_table":7,"minecraft:play_one_minute":52090,"minecraft:bell_ring":1,"minecraft:interact_with_grindstone":1,"minecraft:leave_game":1,"minecraft:time_since_death":52090,"minecraft:time_since_rest":52090,"minecraft:sprint_one_cm":62699,"minecraft:damage_taken":674,"minecraft:walk_one_cm":101139,"minecraft:damage_blocked_by_shield":861,"minecraft:drop":49,"minecraft:damage_dealt":6028,"minecraft:talked_to_villager":27,"minecraft:swim_one_cm":1206,"minecraft:fly_one_cm":180510,"minecraft:open_chest":50,"minecraft:crouch_one_cm":8898,"minecraft:sneak_time":3590,"minecraft:walk_under_water_one_cm":4242,"minecraft:jump":899,"minecraft:walk_on_water_one_cm":25090,"minecraft:fall_one_cm":27205}},"DataVersion":2586}