{"stats":{"minecraft:killed":{"minecraft:spider":1,"minecraft:skeleton":6,"minecraft:chicken":1,"minecraft:piglin":6,"minecraft:husk":3,"minecraft:hoglin":1,"minecraft:creeper":6,"minecraft:sheep":15,"minecraft:zombie":25,"minecraft:ghast":1,"minecraft:enderman":1,"minecraft:blaze":2,"minecraft:cow":7},"minecraft:mined":{"minecraft:nether_gold_ore":5,"minecraft:crying_obsidian":1,"minecraft:obsidian":2,"minecraft:nether_bricks":18,"minecraft:acacia_log":234,"minecraft:grass_block":54,"minecraft:cracked_polished_blackstone_bricks":16,"minecraft:gilded_blackstone":4,"minecraft:polished_blackstone_bricks":18,"minecraft:weeping_vines_plant":2,"minecraft:magma_block":1,"minecraft:furnace":1,"minecraft:iron_ore":17,"minecraft:fire":5,"minecraft:andesite":7,"minecraft:twisting_vines":4,"minecraft:warped_stem":5,"minecraft:stone":153,"minecraft:bone_block":24,"minecraft:acacia_leaves":77,"minecraft:blackstone":112,"minecraft:twisting_vines_plant":3,"minecraft:basalt":1,"minecraft:crafting_table":4,"minecraft:dead_bush":4,"minecraft:tall_grass":6,"minecraft:cobblestone":24,"minecraft:warped_wart_block":2,"minecraft:cauldron":2,"minecraft:warped_nylium":1,"minecraft:nether_wart_block":5,"minecraft:wheat":32,"minecraft:warped_fungus":2,"minecraft:grass":34,"minecraft:oak_log":10,"minecraft:coal_ore":39,"minecraft:dirt":42,"minecraft:acacia_planks":10,"minecraft:netherrack":195,"minecraft:gold_ore":7},"minecraft:custom":{"minecraft:interact_with_anvil":2,"minecraft:mob_kills":81,"minecraft:interact_with_crafting_table":17,"minecraft:fill_cauldron":1,"minecraft:bell_ring":7,"minecraft:leave_game":2,"minecraft:time_since_death":81944,"minecraft:climb_one_cm":611,"minecraft:sprint_one_cm":215385,"minecraft:walk_one_cm":291939,"minecraft:damage_blocked_by_shield":1271,"minecraft:drop":128,"minecraft:talked_to_villager":38,"minecraft:sneak_time":17550,"minecraft:deaths":2,"minecraft:walk_under_water_one_cm":6240,"minecraft:boat_one_cm":14747,"minecraft:jump":3121,"minecraft:walk_on_water_one_cm":29356,"minecraft:interact_with_furnace":20,"minecraft:traded_with_villager":120,"minecraft:play_one_minute":177700,"minecraft:interact_with_grindstone":3,"minecraft:time_since_rest":82041,"minecraft:damage_taken":3181,"minecraft:damage_dealt":9978,"minecraft:swim_one_cm":3983,"minecraft:fly_one_cm":619372,"minecraft:open_chest":102,"minecraft:crouch_one_cm":59171,"minecraft:fall_one_cm":94609},"minecraft:dropped":{"minecraft:enchanted_book":5,"minecraft:bread":6,"minecraft:acacia_boat":1,"minecraft:porkchop":1,"minecraft:wheat_seeds":82,"minecraft:warped_fungus":2,"minecraft:tnt":7,"minecraft:crafting_table":1,"minecraft:diamond_leggings":1,"minecraft:cobblestone":2,"minecraft:weeping_vines":1,"minecraft:iron_helmet":2,"minecraft:saddle":1,"minecraft:stick":2,"minecraft:cracked_polished_blackstone_bricks":4,"minecraft:brown_wool":1,"minecraft:gold_nugget":1,"minecraft:gilded_blackstone":3,"minecraft:polished_blackstone_bricks":8,"minecraft:iron_pickaxe":3,"minecraft:string":5,"minecraft:acacia_planks":19,"minecraft:blackstone":3,"minecraft:wheat":4,"minecraft:chicken":1,"minecraft:rotten_flesh":16,"minecraft:light_gray_wool":2,"minecraft:warped_planks":8,"minecraft:diamond_sword":1,"minecraft:shield":1,"minecraft:oak_button":2,"minecraft:gunpowder":3,"minecraft:diamond_chestplate":1,"minecraft:iron_chestplate":2,"minecraft:andesite":7,"minecraft:acacia_sapling":4,"minecraft:basalt":1,"minecraft:bow":1,"minecraft:warped_wart_block":2,"minecraft:crying_obsidian":1,"minecraft:magma_block":1,"minecraft:netherrack":2,"minecraft:egg":1},"minecraft:killed_by":{"minecraft:piglin":1,"minecraft:blaze":1},"minecraft:used":{"minecraft:iron_shovel":100,"minecraft:chest":1,"minecraft:shield":38,"minecraft:netherrack":184,"minecraft:torch":40,"minecraft:twisting_vines":3,"minecraft:acacia_sapling":16,"minecraft:obsidian":2,"minecraft:lava_bucket":18,"minecraft:iron_axe":351,"minecraft:bow":44,"minecraft:furnace":1,"minecraft:cooked_beef":10,"minecraft:acacia_planks":10,"minecraft:orange_terracotta":1,"minecraft:wheat_seeds":24,"minecraft:cooked_mutton":30,"minecraft:acacia_boat":1,"minecraft:water_bucket":31,"minecraft:oak_planks":9,"minecraft:blackstone":29,"minecraft:cut_sandstone":5,"minecraft:cauldron":2,"minecraft:white_wool":3,"minecraft:crafting_table":5,"minecraft:diamond_pickaxe":164,"minecraft:bread":4,"minecraft:string":1,"minecraft:iron_pickaxe":486,"minecraft:nether_wart_block":3,"minecraft:diamond_sword":202,"minecraft:cobblestone":255,"minecraft:bucket":52,"minecraft:bone_meal":37},"minecraft:picked_up":{"minecraft:crafting_table":5,"minecraft:iron_chestplate":1,"minecraft:wheat":34,"minecraft:chicken":1,"minecraft:diamond_sword":4,"minecraft:gilded_blackstone":5,"minecraft:shield":1,"minecraft:string":2,"minecraft:iron_axe":1,"minecraft:blackstone":105,"minecraft:diamond_leggings":4,"minecraft:gold_nugget":27,"minecraft:beef":14,"minecraft:iron_pickaxe":1,"minecraft:light_gray_wool":2,"minecraft:furnace":1,"minecraft:egg":1,"minecraft:stick":21,"minecraft:torch":56,"minecraft:acacia_log":231,"minecraft:porkchop":4,"minecraft:polished_blackstone_bricks":22,"minecraft:cauldron":3,"minecraft:tnt":7,"minecraft:arrow":70,"minecraft:weeping_vines":2,"minecraft:rotten_flesh":22,"minecraft:diamond_chestplate":3,"minecraft:nether_bricks":45,"minecraft:diamond_boots":3,"minecraft:saddle":1,"minecraft:blaze_rod":4,"minecraft:obsidian":2,"minecraft:mutton":22,"minecraft:bone_block":24,"minecraft:white_wool":12,"minecraft:cobblestone":302,"minecraft:magma_block":2,"minecraft:feather":1,"minecraft:basalt":1,"minecraft:water_bucket":1,"minecraft:andesite":7,"minecraft:brown_wool":1,"minecraft:cut_sandstone":5,"minecraft:leather":8,"minecraft:oak_log":10,"minecraft:nether_wart_block":3,"minecraft:dirt":94,"minecraft:orange_terracotta":1,"minecraft:twisting_vines":10,"minecraft:cooked_mutton":15,"minecraft:bone":4,"minecraft:acacia_planks":10,"minecraft:bow":1,"minecraft:wheat_seeds":106,"minecraft:warped_stem":3,"minecraft:iron_ingot":46,"minecraft:iron_ore":24,"minecraft:diamond_helmet":1,"minecraft:acacia_sapling":18,"minecraft:book":12,"minecraft:warped_fungus":2,"minecraft:warped_wart_block":2,"minecraft:gold_ore":7,"minecraft:crying_obsidian":1,"minecraft:cracked_polished_blackstone_bricks":15,"minecraft:iron_helmet":1,"minecraft:crossbow":1,"minecraft:emerald":9,"minecraft:bread":8,"minecraft:oak_button":1,"minecraft:netherrack":186,"minecraft:coal":38,"minecraft:ender_pearl":1,"minecraft:diamond_pickaxe":2},"minecraft:broken":{"minecraft:iron_axe":1,"minecraft:iron_pickaxe":1},"minecraft:crafted":{"minecraft:oak_planks":40,"minecraft:furnace":1,"minecraft:bone_meal":51,"minecraft:cooked_mutton":22,"minecraft:warped_planks":12,"minecraft:diamond_helmet":1,"minecraft:oak_button":1,"minecraft:cooked_beef":9,"minecraft:emerald":113,"minecraft:cauldron":1,"minecraft:crafting_table":2,"minecraft:bucket":3,"minecraft:enchanted_book":5,"minecraft:acacia_boat":2,"minecraft:bread":10,"minecraft:air":0,"minecraft:diamond_pickaxe":1,"minecraft:stick":1812,"minecraft:iron_pickaxe":3,"minecraft:iron_shovel":1,"minecraft:acacia_planks":924,"minecraft:torch":40,"minecraft:diamond_chestplate":1}},"DataVersion":2586}