{"stats":{"minecraft:picked_up":{"minecraft:crafting_table":2,"minecraft:iron_chestplate":1,"minecraft:wheat":33,"minecraft:andesite":5,"minecraft:brown_wool":1,"minecraft:leather":7,"minecraft:cut_sandstone":5,"minecraft:diamond_sword":1,"minecraft:oak_log":5,"minecraft:nether_wart_block":3,"minecraft:orange_terracotta":1,"minecraft:bone":4,"minecraft:blackstone":29,"minecraft:diamond_leggings":2,"minecraft:wheat_seeds":98,"minecraft:gold_nugget":13,"minecraft:iron_ingot":3,"minecraft:beef":14,"minecraft:iron_ore":24,"minecraft:light_gray_wool":2,"minecraft:acacia_sapling":2,"minecraft:egg":1,"minecraft:furnace":1,"minecraft:book":12,"minecraft:stick":4,"minecraft:acacia_log":7,"minecraft:gold_ore":7,"minecraft:cauldron":1,"minecraft:tnt":7,"minecraft:arrow":4,"minecraft:rotten_flesh":16,"minecraft:diamond_chestplate":1,"minecraft:diamond_boots":1,"minecraft:iron_helmet":1,"minecraft:bread":8,"minecraft:netherrack":148,"minecraft:emerald":6,"minecraft:oak_button":1,"minecraft:bone_block":24,"minecraft:coal":37,"minecraft:mutton":22,"minecraft:white_wool":12,"minecraft:cobblestone":141,"minecraft:ender_pearl":1},"minecraft:used":{"minecraft:cooked_mutton":7,"minecraft:wheat_seeds":24,"minecraft:water_bucket":28,"minecraft:oak_planks":9,"minecraft:blackstone":29,"minecraft:shield":29,"minecraft:cut_sandstone":5,"minecraft:cauldron":1,"minecraft:netherrack":112,"minecraft:white_wool":3,"minecraft:torch":11,"minecraft:crafting_table":2,"minecraft:lava_bucket":18,"minecraft:bread":4,"minecraft:iron_axe":24,"minecraft:iron_pickaxe":446,"minecraft:nether_wart_block":3,"minecraft:diamond_sword":123,"minecraft:cobblestone":132,"minecraft:bow":34,"minecraft:furnace":1,"minecraft:bucket":49,"minecraft:cooked_beef":10,"minecraft:orange_terracotta":1},"minecraft:killed":{"minecraft:husk":2,"minecraft:creeper":5,"minecraft:sheep":15,"minecraft:skeleton":6,"minecraft:zombie":18,"minecraft:ghast":1,"minecraft:enderman":1,"minecraft:cow":7},"minecraft:crafted":{"minecraft:cooked_beef":9,"minecraft:oak_planks":20,"minecraft:emerald":60,"minecraft:cauldron":1,"minecraft:crafting_table":1,"minecraft:furnace":1,"minecraft:bucket":3,"minecraft:enchanted_book":2,"minecraft:cooked_mutton":22,"minecraft:bread":10,"minecraft:air":0,"minecraft:diamond_helmet":1,"minecraft:stick":12,"minecraft:iron_pickaxe":2,"minecraft:oak_button":1,"minecraft:acacia_planks":28,"minecraft:torch":40,"minecraft:diamond_chestplate":1},"minecraft:mined":{"minecraft:nether_gold_ore":1,"minecraft:acacia_leaves":4,"minecraft:blackstone":38,"minecraft:crafting_table":2,"minecraft:acacia_log":7,"minecraft:tall_grass":3,"minecraft:cobblestone":19,"minecraft:cauldron":1,"minecraft:furnace":1,"minecraft:nether_wart_block":4,"minecraft:iron_ore":17,"minecraft:fire":1,"minecraft:wheat":32,"minecraft:andesite":6,"minecraft:grass":14,"minecraft:coal_ore":38,"minecraft:oak_log":5,"minecraft:netherrack":154,"minecraft:stone":139,"minecraft:bone_block":24,"minecraft:gold_ore":7},"minecraft:dropped":{"minecraft:enchanted_book":3,"minecraft:bread":6,"minecraft:wheat_seeds":74,"minecraft:tnt":7,"minecraft:wheat":3,"minecraft:diamond_leggings":1,"minecraft:iron_helmet":2,"minecraft:cobblestone":1,"minecraft:rotten_flesh":15,"minecraft:light_gray_wool":2,"minecraft:stick":2,"minecraft:shield":1,"minecraft:oak_button":2,"minecraft:gunpowder":3,"minecraft:diamond_chestplate":1,"minecraft:iron_chestplate":2,"minecraft:andesite":5,"minecraft:brown_wool":1,"minecraft:acacia_sapling":2,"minecraft:bow":1,"minecraft:iron_pickaxe":1,"minecraft:string":4,"minecraft:acacia_planks":19,"minecraft:egg":1},"minecraft:custom":{"minecraft:interact_with_furnace":19,"minecraft:mob_kills":61,"minecraft:interact_with_anvil":1,"minecraft:traded_with_villager":64,"minecraft:interact_with_crafting_table":11,"minecraft:fill_cauldron":1,"minecraft:play_one_minute":76090,"minecraft:bell_ring":1,"minecraft:interact_with_grindstone":1,"minecraft:leave_game":1,"minecraft:time_since_death":76090,"minecraft:time_since_rest":76090,"minecraft:sprint_one_cm":86800,"minecraft:damage_taken":1419,"minecraft:walk_one_cm":146650,"minecraft:damage_blocked_by_shield":981,"minecraft:drop":72,"minecraft:damage_dealt":6707,"minecraft:talked_to_villager":27,"minecraft:swim_one_cm":1206,"minecraft:fly_one_cm":243181,"minecraft:open_chest":50,"minecraft:crouch_one_cm":33702,"minecraft:sneak_time":9610,"minecraft:walk_under_water_one_cm":4788,"minecraft:jump":1378,"minecraft:walk_on_water_one_cm":26729,"minecraft:fall_one_cm":47057}},"DataVersion":2586}