{"stats":{"minecraft:used":{"minecraft:iron_axe":17,"minecraft:shield":9,"minecraft:diamond_sword":15,"minecraft:cooked_beef":2},"minecraft:picked_up":{"minecraft:book":12,"minecraft:stick":2,"minecraft:acacia_log":7,"minecraft:diamond_sword":1,"minecraft:oak_log":5,"minecraft:rotten_flesh":4,"minecraft:diamond_leggings":2,"minecraft:diamond_boots":1,"minecraft:iron_ore":7,"minecraft:emerald":6,"minecraft:ender_pearl":1},"minecraft:killed":{"minecraft:husk":2,"minecraft:zombie":1,"minecraft:enderman":1},"minecraft:crafted":{"minecraft:oak_planks":20,"minecraft:diamond_helmet":1,"minecraft:emerald":48,"minecraft:acacia_planks":28,"minecraft:enchanted_book":1,"minecraft:air":0,"minecraft:diamond_chestplate":1},"minecraft:mined":{"minecraft:acacia_leaves":4,"minecraft:grass":1,"minecraft:acacia_log":7,"minecraft:oak_log":5},"minecraft:dropped":{"minecraft:shield":1,"minecraft:iron_chestplate":1,"minecraft:diamond_leggings":1,"minecraft:iron_helmet":1,"minecraft:rotten_flesh":3,"minecraft:bow":1},"minecraft:custom":{"minecraft:time_since_rest":16090,"minecraft:sprint_one_cm":15556,"minecraft:damage_taken":306,"minecraft:walk_one_cm":33071,"minecraft:damage_blocked_by_shield":151,"minecraft:mob_kills":4,"minecraft:drop":8,"minecraft:damage_dealt":1136,"minecraft:traded_with_villager":51,"minecraft:talked_to_villager":24,"minecraft:interact_with_crafting_table":1,"minecraft:fly_one_cm":40023,"minecraft:open_chest":37,"minecraft:play_one_minute":16090,"minecraft:crouch_one_cm":200,"minecraft:sneak_time":98,"minecraft:bell_ring":1,"minecraft:jump":178,"minecraft:interact_with_grindstone":1,"minecraft:leave_game":1,"minecraft:time_since_death":16090,"minecraft:walk_on_water_one_cm":166,"minecraft:fall_one_cm":3417}},"DataVersion":2586}