{"stats":{"minecraft:killed_by":{"minecraft:piglin":1,"minecraft:blaze":1},"minecraft:broken":{"minecraft:iron_pickaxe":1},"minecraft:used":{"minecraft:chest":1,"minecraft:shield":37,"minecraft:netherrack":184,"minecraft:torch":13,"minecraft:twisting_vines":3,"minecraft:obsidian":2,"minecraft:lava_bucket":18,"minecraft:iron_axe":31,"minecraft:bow":37,"minecraft:furnace":1,"minecraft:cooked_beef":10,"minecraft:orange_terracotta":1,"minecraft:wheat_seeds":24,"minecraft:cooked_mutton":20,"minecraft:water_bucket":30,"minecraft:oak_planks":9,"minecraft:blackstone":29,"minecraft:cut_sandstone":5,"minecraft:cauldron":2,"minecraft:white_wool":3,"minecraft:crafting_table":4,"minecraft:diamond_pickaxe":164,"minecraft:bread":4,"minecraft:iron_pickaxe":486,"minecraft:nether_wart_block":3,"minecraft:diamond_sword":165,"minecraft:cobblestone":233,"minecraft:bucket":51},"minecraft:picked_up":{"minecraft:iron_chestplate":1,"minecraft:crafting_table":5,"minecraft:wheat":33,"minecraft:diamond_sword":3,"minecraft:gilded_blackstone":5,"minecraft:shield":1,"minecraft:iron_axe":1,"minecraft:blackstone":105,"minecraft:diamond_leggings":4,"minecraft:gold_nugget":27,"minecraft:beef":14,"minecraft:iron_pickaxe":1,"minecraft:light_gray_wool":2,"minecraft:furnace":1,"minecraft:egg":1,"minecraft:stick":4,"minecraft:torch":56,"minecraft:acacia_log":7,"minecraft:porkchop":4,"minecraft:polished_blackstone_bricks":22,"minecraft:cauldron":3,"minecraft:tnt":7,"minecraft:weeping_vines":2,"minecraft:arrow":70,"minecraft:diamond_chestplate":3,"minecraft:rotten_flesh":16,"minecraft:nether_bricks":45,"minecraft:diamond_boots":3,"minecraft:blaze_rod":4,"minecraft:obsidian":2,"minecraft:mutton":22,"minecraft:white_wool":12,"minecraft:bone_block":24,"minecraft:cobblestone":302,"minecraft:magma_block":2,"minecraft:basalt":1,"minecraft:water_bucket":1,"minecraft:andesite":7,"minecraft:cut_sandstone":5,"minecraft:leather":8,"minecraft:brown_wool":1,"minecraft:oak_log":5,"minecraft:nether_wart_block":3,"minecraft:cooked_mutton":15,"minecraft:orange_terracotta":1,"minecraft:twisting_vines":10,"minecraft:bone":4,"minecraft:bow":1,"minecraft:wheat_seeds":98,"minecraft:warped_stem":3,"minecraft:iron_ingot":45,"minecraft:iron_ore":24,"minecraft:diamond_helmet":1,"minecraft:acacia_sapling":2,"minecraft:book":12,"minecraft:warped_fungus":2,"minecraft:warped_wart_block":2,"minecraft:gold_ore":7,"minecraft:crying_obsidian":1,"minecraft:cracked_polished_blackstone_bricks":15,"minecraft:iron_helmet":1,"minecraft:crossbow":1,"minecraft:emerald":6,"minecraft:bread":8,"minecraft:oak_button":1,"minecraft:netherrack":186,"minecraft:coal":38,"minecraft:diamond_pickaxe":2,"minecraft:ender_pearl":1},"minecraft:killed":{"minecraft:skeleton":6,"minecraft:piglin":6,"minecraft:husk":2,"minecraft:hoglin":1,"minecraft:creeper":5,"minecraft:sheep":15,"minecraft:zombie":18,"minecraft:ghast":1,"minecraft:blaze":2,"minecraft:enderman":1,"minecraft:cow":7},"minecraft:crafted":{"minecraft:oak_planks":20,"minecraft:furnace":1,"minecraft:cooked_mutton":22,"minecraft:warped_planks":12,"minecraft:diamond_helmet":1,"minecraft:oak_button":1,"minecraft:cooked_beef":9,"minecraft:emerald":60,"minecraft:cauldron":1,"minecraft:crafting_table":1,"minecraft:bucket":3,"minecraft:enchanted_book":2,"minecraft:bread":10,"minecraft:air":0,"minecraft:diamond_pickaxe":1,"minecraft:stick":20,"minecraft:iron_pickaxe":3,"minecraft:acacia_planks":28,"minecraft:torch":40,"minecraft:diamond_chestplate":1},"minecraft:mined":{"minecraft:nether_gold_ore":5,"minecraft:crying_obsidian":1,"minecraft:obsidian":2,"minecraft:nether_bricks":18,"minecraft:acacia_log":7,"minecraft:cracked_polished_blackstone_bricks":16,"minecraft:gilded_blackstone":4,"minecraft:polished_blackstone_bricks":18,"minecraft:weeping_vines_plant":2,"minecraft:magma_block":1,"minecraft:furnace":1,"minecraft:iron_ore":17,"minecraft:fire":5,"minecraft:andesite":7,"minecraft:twisting_vines":4,"minecraft:warped_stem":5,"minecraft:stone":153,"minecraft:bone_block":24,"minecraft:acacia_leaves":4,"minecraft:blackstone":112,"minecraft:twisting_vines_plant":3,"minecraft:basalt":1,"minecraft:crafting_table":4,"minecraft:tall_grass":3,"minecraft:cobblestone":24,"minecraft:cauldron":2,"minecraft:warped_wart_block":2,"minecraft:warped_nylium":1,"minecraft:nether_wart_block":5,"minecraft:wheat":32,"minecraft:warped_fungus":2,"minecraft:grass":14,"minecraft:oak_log":5,"minecraft:coal_ore":39,"minecraft:netherrack":195,"minecraft:gold_ore":7},"minecraft:dropped":{"minecraft:enchanted_book":3,"minecraft:bread":6,"minecraft:porkchop":1,"minecraft:wheat_seeds":74,"minecraft:warped_fungus":2,"minecraft:tnt":7,"minecraft:crafting_table":1,"minecraft:diamond_leggings":1,"minecraft:weeping_vines":1,"minecraft:cobblestone":2,"minecraft:iron_helmet":2,"minecraft:stick":2,"minecraft:cracked_polished_blackstone_bricks":3,"minecraft:brown_wool":1,"minecraft:gold_nugget":1,"minecraft:gilded_blackstone":3,"minecraft:polished_blackstone_bricks":8,"minecraft:iron_pickaxe":3,"minecraft:string":4,"minecraft:acacia_planks":19,"minecraft:blackstone":3,"minecraft:wheat":3,"minecraft:rotten_flesh":15,"minecraft:light_gray_wool":2,"minecraft:warped_planks":8,"minecraft:shield":1,"minecraft:gunpowder":3,"minecraft:oak_button":2,"minecraft:diamond_chestplate":1,"minecraft:iron_chestplate":2,"minecraft:andesite":7,"minecraft:acacia_sapling":2,"minecraft:basalt":1,"minecraft:bow":1,"minecraft:warped_wart_block":2,"minecraft:crying_obsidian":1,"minecraft:magma_block":1,"minecraft:netherrack":2,"minecraft:egg":1},"minecraft:custom":{"minecraft:interact_with_anvil":1,"minecraft:mob_kills":70,"minecraft:interact_with_crafting_table":13,"minecraft:fill_cauldron":1,"minecraft:bell_ring":1,"minecraft:leave_game":2,"minecraft:time_since_death":16758,"minecraft:climb_one_cm":611,"minecraft:sprint_one_cm":145658,"minecraft:walk_one_cm":218604,"minecraft:damage_blocked_by_shield":1251,"minecraft:drop":108,"minecraft:talked_to_villager":27,"minecraft:deaths":2,"minecraft:sneak_time":15554,"minecraft:walk_under_water_one_cm":6148,"minecraft:jump":2206,"minecraft:walk_on_water_one_cm":26980,"minecraft:interact_with_furnace":19,"minecraft:traded_with_villager":64,"minecraft:play_one_minute":112514,"minecraft:interact_with_grindstone":1,"minecraft:time_since_rest":16855,"minecraft:damage_taken":2731,"minecraft:damage_dealt":8283,"minecraft:swim_one_cm":3182,"minecraft:fly_one_cm":388542,"minecraft:open_chest":68,"minecraft:crouch_one_cm":53742,"minecraft:fall_one_cm":73883}},"DataVersion":2586}