{"stats":{"minecraft:killed_by":{"minecraft:player":2,"minecraft:skeleton":1},"minecraft:broken":{"minecraft:stone_sword":1,"minecraft:wooden_pickaxe":1,"minecraft:iron_axe":1,"minecraft:stone_axe":1},"minecraft:used":{"minecraft:stone_sword":143,"minecraft:shield":29,"minecraft:torch":7,"minecraft:mutton":2,"minecraft:granite":1,"minecraft:iron_axe":259,"minecraft:cooked_beef":3,"minecraft:cooked_mutton":3,"minecraft:diorite":4,"minecraft:birch_planks":4,"minecraft:stone_pickaxe":16,"minecraft:wooden_pickaxe":59,"minecraft:crafting_table":2,"minecraft:red_bed":3,"minecraft:spider_eye":4,"minecraft:white_bed":2,"minecraft:bread":23,"minecraft:iron_pickaxe":199,"minecraft:lectern":125,"minecraft:gravel":97,"minecraft:stone_axe":154,"minecraft:cobblestone":80,"minecraft:andesite":2},"minecraft:picked_up":{"minecraft:wheat":13,"minecraft:wooden_pickaxe":5,"minecraft:gold_block":1,"minecraft:enchanted_book":3,"minecraft:stone_brick_stairs":1,"minecraft:shield":4,"minecraft:string":28,"minecraft:red_bed":6,"minecraft:diamond_leggings":1,"minecraft:beef":12,"minecraft:oak_boat":1,"minecraft:cobblestone_slab":1,"minecraft:melon_slice":3,"minecraft:poppy":4,"minecraft:iron_pickaxe":6,"minecraft:light_gray_wool":1,"minecraft:lectern":125,"minecraft:sugar_cane":11,"minecraft:iron_boots":5,"minecraft:stick":9,"minecraft:sandstone":4,"minecraft:oak_fence":12,"minecraft:green_bed":1,"minecraft:torch":7,"minecraft:acacia_log":145,"minecraft:diorite":9,"minecraft:orange_bed":3,"minecraft:cactus":1,"minecraft:arrow":10,"minecraft:rotten_flesh":7,"minecraft:hay_block":17,"minecraft:mutton":5,"minecraft:white_wool":5,"minecraft:rail":12,"minecraft:cobblestone":445,"minecraft:birch_log":6,"minecraft:cooked_beef":3,"minecraft:andesite":4,"minecraft:cut_sandstone":8,"minecraft:leather":2,"minecraft:birch_planks":34,"minecraft:flint":12,"minecraft:oak_log":24,"minecraft:dirt":28,"minecraft:cooked_mutton":3,"minecraft:wheat_seeds":55,"minecraft:bell":1,"minecraft:stone_pickaxe":2,"minecraft:iron_ingot":8,"minecraft:iron_ore":21,"minecraft:glowstone_dust":1,"minecraft:oak_planks":9,"minecraft:acacia_sapling":2,"minecraft:book":24,"minecraft:gravel":99,"minecraft:sand":20,"minecraft:blast_furnace":1,"minecraft:white_bed":3,"minecraft:gold_ore":2,"minecraft:chiseled_sandstone":2,"minecraft:spider_eye":15,"minecraft:stone_axe":4,"minecraft:iron_helmet":4,"minecraft:granite":19,"minecraft:oak_sapling":10,"minecraft:black_wool":1,"minecraft:coal":156},"minecraft:killed":{"minecraft:cave_spider":8,"minecraft:witch":1,"minecraft:spider":5,"minecraft:skeleton":5,"minecraft:husk":2,"minecraft:iron_golem":1,"minecraft:creeper":1,"minecraft:sheep":5,"minecraft:zombie":5,"minecraft:cow":3},"minecraft:mined":{"minecraft:white_bed":4,"minecraft:acacia_log":147,"minecraft:grass_block":2,"minecraft:cartography_table":1,"minecraft:sandstone":9,"minecraft:hay_block":17,"minecraft:tall_seagrass":1,"minecraft:magma_block":1,"minecraft:iron_ore":19,"minecraft:chiseled_sandstone":1,"minecraft:acacia_wood":2,"minecraft:andesite":4,"minecraft:gold_block":1,"minecraft:bell":1,"minecraft:bookshelf":8,"minecraft:stone":123,"minecraft:green_bed":1,"minecraft:orange_bed":3,"minecraft:cut_sandstone":18,"minecraft:acacia_leaves":8,"minecraft:glass_pane":3,"minecraft:red_bed":6,"minecraft:orange_terracotta":1,"minecraft:oak_fence":4,"minecraft:blast_furnace":1,"minecraft:melon":1,"minecraft:dead_bush":1,"minecraft:lectern":123,"minecraft:tall_grass":2,"minecraft:cobblestone":18,"minecraft:sugar_cane":5,"minecraft:diorite":2,"minecraft:seagrass":1,"minecraft:birch_planks":1,"minecraft:birch_log":7,"minecraft:wheat":13,"minecraft:tnt":9,"minecraft:stone_brick_stairs":1,"minecraft:grass":55,"minecraft:oak_log":25,"minecraft:coal_ore":47,"minecraft:gravel":111,"minecraft:sand":4,"minecraft:acacia_planks":1,"minecraft:gold_ore":1,"minecraft:oak_leaves":1},"minecraft:crafted":{"minecraft:oak_planks":56,"minecraft:iron_axe":1,"minecraft:stone_pickaxe":1,"minecraft:cooked_beef":6,"minecraft:crafting_table":2,"minecraft:wooden_pickaxe":1,"minecraft:birch_planks":24,"minecraft:stone_axe":2,"minecraft:oak_boat":1,"minecraft:stick":8,"minecraft:stone_sword":1,"minecraft:torch":12},"minecraft:dropped":{"minecraft:iron_ingot":2,"minecraft:oak_log":10,"minecraft:book":24,"minecraft:acacia_log":87,"minecraft:coal":28,"minecraft:flint":11,"minecraft:red_bed":1,"minecraft:torch":4,"minecraft:mutton":1,"minecraft:iron_pickaxe":1,"minecraft:cactus":1,"minecraft:string":2,"minecraft:chiseled_sandstone":2,"minecraft:green_bed":1,"minecraft:rotten_flesh":3,"minecraft:iron_boots":1,"minecraft:oak_planks":2,"minecraft:blast_furnace":1,"minecraft:poppy":1,"minecraft:cobblestone_slab":1,"minecraft:acacia_sapling":2,"minecraft:spider_eye":1,"minecraft:bell":1,"minecraft:stone_brick_stairs":1},"minecraft:custom":{"minecraft:mob_kills":35,"minecraft:interact_with_anvil":1,"minecraft:interact_with_crafting_table":10,"minecraft:bell_ring":18,"minecraft:leave_game":2,"minecraft:time_since_death":130430,"minecraft:sprint_one_cm":505422,"minecraft:walk_one_cm":590695,"minecraft:damage_blocked_by_shield":1005,"minecraft:drop":29,"minecraft:talked_to_villager":138,"minecraft:deaths":4,"minecraft:sneak_time":5278,"minecraft:walk_under_water_one_cm":24961,"minecraft:boat_one_cm":88732,"minecraft:jump":1767,"minecraft:interact_with_blast_furnace":2,"minecraft:walk_on_water_one_cm":19185,"minecraft:interact_with_furnace":21,"minecraft:play_one_minute":189682,"minecraft:interact_with_grindstone":1,"minecraft:sleep_in_bed":6,"minecraft:time_since_rest":79956,"minecraft:damage_taken":2332,"minecraft:damage_dealt":7587,"minecraft:swim_one_cm":28097,"minecraft:fly_one_cm":244076,"minecraft:player_kills":2,"minecraft:open_chest":28,"minecraft:crouch_one_cm":14100,"minecraft:fall_one_cm":35955}},"DataVersion":2586}