{"stats":{"minecraft:broken":{"minecraft:stone_axe":1,"minecraft:wooden_pickaxe":1},"minecraft:used":{"minecraft:cooked_mutton":3,"minecraft:diorite":4,"minecraft:stone_sword":76,"minecraft:birch_planks":4,"minecraft:stone_pickaxe":16,"minecraft:wooden_pickaxe":59,"minecraft:shield":18,"minecraft:torch":7,"minecraft:mutton":2,"minecraft:crafting_table":2,"minecraft:granite":1,"minecraft:red_bed":1,"minecraft:spider_eye":4,"minecraft:white_bed":2,"minecraft:iron_axe":216,"minecraft:bread":11,"minecraft:iron_pickaxe":158,"minecraft:lectern":125,"minecraft:gravel":97,"minecraft:stone_axe":120,"minecraft:cobblestone":60,"minecraft:andesite":2,"minecraft:cooked_beef":3},"minecraft:dropped":{"minecraft:iron_ingot":2,"minecraft:oak_log":10,"minecraft:green_bed":1,"minecraft:oak_planks":2,"minecraft:rotten_flesh":2,"minecraft:book":24,"minecraft:iron_boots":1,"minecraft:acacia_log":87,"minecraft:coal":28,"minecraft:blast_furnace":1,"minecraft:flint":11,"minecraft:poppy":1,"minecraft:torch":4,"minecraft:mutton":1,"minecraft:spider_eye":1,"minecraft:iron_pickaxe":1,"minecraft:bell":1,"minecraft:string":2},"minecraft:custom":{"minecraft:interact_with_furnace":19,"minecraft:mob_kills":21,"minecraft:interact_with_crafting_table":10,"minecraft:play_one_minute":166199,"minecraft:bell_ring":18,"minecraft:leave_game":2,"minecraft:time_since_death":106947,"minecraft:sleep_in_bed":6,"minecraft:time_since_rest":56473,"minecraft:sprint_one_cm":401319,"minecraft:damage_taken":1946,"minecraft:walk_one_cm":521747,"minecraft:damage_blocked_by_shield":605,"minecraft:drop":21,"minecraft:damage_dealt":4638,"minecraft:swim_one_cm":26934,"minecraft:talked_to_villager":131,"minecraft:fly_one_cm":142865,"minecraft:player_kills":2,"minecraft:open_chest":15,"minecraft:crouch_one_cm":11915,"minecraft:deaths":4,"minecraft:sneak_time":4322,"minecraft:walk_under_water_one_cm":22480,"minecraft:boat_one_cm":88732,"minecraft:jump":1241,"minecraft:interact_with_blast_furnace":1,"minecraft:walk_on_water_one_cm":17052,"minecraft:fall_one_cm":23916},"minecraft:picked_up":{"minecraft:birch_log":6,"minecraft:wheat":13,"minecraft:cooked_beef":3,"minecraft:andesite":4,"minecraft:leather":2,"minecraft:wooden_pickaxe":5,"minecraft:birch_planks":34,"minecraft:enchanted_book":1,"minecraft:flint":12,"minecraft:oak_log":24,"minecraft:shield":4,"minecraft:dirt":26,"minecraft:string":28,"minecraft:red_bed":5,"minecraft:cooked_mutton":3,"minecraft:wheat_seeds":52,"minecraft:lectern":125,"minecraft:bell":1,"minecraft:beef":12,"minecraft:stone_pickaxe":2,"minecraft:iron_ingot":8,"minecraft:oak_boat":1,"minecraft:iron_ore":21,"minecraft:poppy":4,"minecraft:iron_pickaxe":6,"minecraft:light_gray_wool":1,"minecraft:melon_slice":3,"minecraft:sugar_cane":11,"minecraft:oak_planks":9,"minecraft:acacia_sapling":2,"minecraft:iron_boots":5,"minecraft:book":24,"minecraft:stick":9,"minecraft:oak_fence":12,"minecraft:acacia_log":87,"minecraft:torch":7,"minecraft:green_bed":1,"minecraft:gravel":99,"minecraft:sand":20,"minecraft:blast_furnace":1,"minecraft:diorite":9,"minecraft:white_bed":3,"minecraft:gold_ore":2,"minecraft:spider_eye":15,"minecraft:orange_bed":3,"minecraft:arrow":10,"minecraft:rotten_flesh":3,"minecraft:stone_axe":4,"minecraft:hay_block":17,"minecraft:iron_helmet":4,"minecraft:granite":19,"minecraft:oak_sapling":10,"minecraft:black_wool":1,"minecraft:mutton":5,"minecraft:coal":156,"minecraft:white_wool":4,"minecraft:rail":12,"minecraft:cobblestone":445},"minecraft:crafted":{"minecraft:cooked_beef":6,"minecraft:oak_planks":56,"minecraft:crafting_table":2,"minecraft:wooden_pickaxe":1,"minecraft:birch_planks":24,"minecraft:stone_axe":2,"minecraft:oak_boat":1,"minecraft:iron_axe":1,"minecraft:stick":8,"minecraft:stone_pickaxe":1,"minecraft:stone_sword":1,"minecraft:torch":12},"minecraft:killed_by":{"minecraft:player":2,"minecraft:skeleton":1},"minecraft:killed":{"minecraft:husk":1,"minecraft:cave_spider":8,"minecraft:iron_golem":1,"minecraft:spider":3,"minecraft:sheep":4,"minecraft:skeleton":1,"minecraft:zombie":1,"minecraft:cow":3},"minecraft:mined":{"minecraft:acacia_leaves":5,"minecraft:white_bed":4,"minecraft:glass_pane":3,"minecraft:red_bed":5,"minecraft:oak_fence":4,"minecraft:acacia_log":87,"minecraft:blast_furnace":1,"minecraft:melon":1,"minecraft:dead_bush":1,"minecraft:tall_grass":2,"minecraft:lectern":123,"minecraft:cobblestone":18,"minecraft:sugar_cane":5,"minecraft:cartography_table":1,"minecraft:diorite":2,"minecraft:seagrass":1,"minecraft:hay_block":17,"minecraft:birch_planks":1,"minecraft:tall_seagrass":1,"minecraft:wheat":13,"minecraft:birch_log":7,"minecraft:iron_ore":19,"minecraft:acacia_wood":2,"minecraft:andesite":4,"minecraft:bell":1,"minecraft:grass":35,"minecraft:bookshelf":8,"minecraft:oak_log":25,"minecraft:coal_ore":47,"minecraft:gravel":111,"minecraft:sand":4,"minecraft:acacia_planks":1,"minecraft:stone":123,"minecraft:green_bed":1,"minecraft:orange_bed":3,"minecraft:gold_ore":1,"minecraft:oak_leaves":1}},"DataVersion":2586}