{"stats":{"minecraft:killed_by":{"minecraft:player":2,"minecraft:skeleton":1},"minecraft:broken":{"minecraft:stone_sword":1,"minecraft:wooden_pickaxe":1,"minecraft:iron_axe":2,"minecraft:stone_axe":2,"minecraft:iron_pickaxe":1},"minecraft:used":{"minecraft:stone_sword":143,"minecraft:shield":31,"minecraft:iron_sword":39,"minecraft:torch":18,"minecraft:dirt":3,"minecraft:mutton":2,"minecraft:golden_shovel":29,"minecraft:granite":1,"minecraft:iron_axe":519,"minecraft:acacia_slab":1,"minecraft:bow":59,"minecraft:cooked_beef":3,"minecraft:wheat_seeds":3,"minecraft:cooked_mutton":3,"minecraft:water_bucket":6,"minecraft:diorite":4,"minecraft:iron_ore":2,"minecraft:birch_planks":4,"minecraft:stone_pickaxe":16,"minecraft:oak_planks":3,"minecraft:wooden_pickaxe":59,"minecraft:sand":8,"minecraft:crafting_table":2,"minecraft:red_bed":3,"minecraft:spider_eye":4,"minecraft:white_bed":2,"minecraft:bread":40,"minecraft:iron_pickaxe":493,"minecraft:lectern":125,"minecraft:gravel":97,"minecraft:stone_axe":213,"minecraft:cobblestone":134,"minecraft:bucket":7,"minecraft:andesite":2},"minecraft:picked_up":{"minecraft:wheat":14,"minecraft:wooden_pickaxe":5,"minecraft:gold_block":1,"minecraft:enchanted_book":3,"minecraft:gilded_blackstone":3,"minecraft:stone_brick_stairs":1,"minecraft:shield":4,"minecraft:string":28,"minecraft:red_bed":6,"minecraft:blackstone":3,"minecraft:diamond_leggings":1,"minecraft:gold_nugget":1,"minecraft:beef":12,"minecraft:oak_boat":1,"minecraft:cobblestone_slab":1,"minecraft:melon_slice":3,"minecraft:poppy":5,"minecraft:iron_pickaxe":6,"minecraft:light_gray_wool":1,"minecraft:lectern":125,"minecraft:sugar_cane":23,"minecraft:iron_boots":5,"minecraft:stick":9,"minecraft:sandstone":6,"minecraft:oak_fence":12,"minecraft:green_bed":1,"minecraft:torch":15,"minecraft:acacia_log":359,"minecraft:porkchop":1,"minecraft:polished_blackstone_bricks":8,"minecraft:diorite":26,"minecraft:redstone":32,"minecraft:orange_bed":3,"minecraft:cactus":1,"minecraft:arrow":16,"minecraft:rotten_flesh":18,"minecraft:hay_block":17,"minecraft:mutton":5,"minecraft:white_wool":5,"minecraft:rail":12,"minecraft:cobblestone":586,"minecraft:birch_log":6,"minecraft:basalt":1,"minecraft:cooked_beef":3,"minecraft:andesite":13,"minecraft:cut_sandstone":8,"minecraft:leather":2,"minecraft:birch_planks":34,"minecraft:flint":12,"minecraft:oak_log":41,"minecraft:dirt":76,"minecraft:cooked_mutton":3,"minecraft:bone":6,"minecraft:acacia_planks":64,"minecraft:wheat_seeds":67,"minecraft:bell":1,"minecraft:stone_pickaxe":2,"minecraft:iron_ingot":8,"minecraft:iron_ore":57,"minecraft:glowstone_dust":1,"minecraft:oak_planks":9,"minecraft:acacia_sapling":9,"minecraft:book":25,"minecraft:warped_fungus":2,"minecraft:gravel":99,"minecraft:sand":30,"minecraft:blast_furnace":1,"minecraft:red_terracotta":1,"minecraft:white_bed":3,"minecraft:gold_ore":14,"minecraft:chiseled_sandstone":2,"minecraft:spider_eye":15,"minecraft:stone_axe":4,"minecraft:cracked_polished_blackstone_bricks":3,"minecraft:iron_helmet":4,"minecraft:granite":20,"minecraft:emerald":4,"minecraft:oak_sapling":10,"minecraft:netherrack":1,"minecraft:black_wool":1,"minecraft:coal":203},"minecraft:killed":{"minecraft:cave_spider":8,"minecraft:witch":1,"minecraft:spider":6,"minecraft:phantom":1,"minecraft:skeleton":9,"minecraft:husk":2,"minecraft:zombie_villager":1,"minecraft:iron_golem":1,"minecraft:creeper":2,"minecraft:sheep":5,"minecraft:zombie":17,"minecraft:cow":3},"minecraft:mined":{"minecraft:white_bed":4,"minecraft:granite":1,"minecraft:acacia_log":375,"minecraft:grass_block":4,"minecraft:cartography_table":1,"minecraft:sandstone":11,"minecraft:hay_block":17,"minecraft:tall_seagrass":1,"minecraft:redstone_ore":9,"minecraft:magma_block":1,"minecraft:iron_ore":58,"minecraft:chiseled_sandstone":1,"minecraft:acacia_wood":2,"minecraft:andesite":10,"minecraft:gold_block":1,"minecraft:bell":1,"minecraft:bookshelf":8,"minecraft:stone":273,"minecraft:green_bed":1,"minecraft:orange_bed":3,"minecraft:cut_sandstone":18,"minecraft:acacia_leaves":40,"minecraft:glass_pane":3,"minecraft:red_bed":6,"minecraft:orange_terracotta":1,"minecraft:oak_fence":4,"minecraft:torch":1,"minecraft:blast_furnace":1,"minecraft:melon":1,"minecraft:dead_bush":1,"minecraft:lectern":123,"minecraft:tall_grass":3,"minecraft:cobblestone":19,"minecraft:sugar_cane":12,"minecraft:diorite":24,"minecraft:wall_torch":6,"minecraft:seagrass":1,"minecraft:birch_planks":1,"minecraft:birch_log":7,"minecraft:wheat":14,"minecraft:grass_path":1,"minecraft:tnt":9,"minecraft:stone_brick_stairs":1,"minecraft:grass":74,"minecraft:oak_log":42,"minecraft:coal_ore":96,"minecraft:gravel":111,"minecraft:sand":13,"minecraft:dirt":18,"minecraft:acacia_planks":1,"minecraft:gold_ore":14,"minecraft:oak_leaves":3},"minecraft:crafted":{"minecraft:oak_planks":124,"minecraft:diamond_helmet":1,"minecraft:iron_axe":2,"minecraft:stone_pickaxe":1,"minecraft:wheat":153,"minecraft:cooked_beef":6,"minecraft:diamond_sword":1,"minecraft:emerald":82,"minecraft:crafting_table":2,"minecraft:wooden_pickaxe":1,"minecraft:iron_sword":1,"minecraft:bucket":1,"minecraft:birch_planks":24,"minecraft:stone_axe":2,"minecraft:enchanted_book":2,"minecraft:bread":57,"minecraft:air":0,"minecraft:oak_boat":1,"minecraft:iron_pickaxe":1,"minecraft:stick":2640,"minecraft:stone_sword":1,"minecraft:acacia_planks":1256,"minecraft:torch":20,"minecraft:diamond_chestplate":1},"minecraft:dropped":{"minecraft:iron_ingot":2,"minecraft:oak_log":10,"minecraft:book":24,"minecraft:acacia_log":87,"minecraft:coal":28,"minecraft:flint":11,"minecraft:red_bed":1,"minecraft:diorite":1,"minecraft:torch":4,"minecraft:mutton":1,"minecraft:iron_pickaxe":1,"minecraft:cactus":1,"minecraft:string":2,"minecraft:chiseled_sandstone":2,"minecraft:green_bed":1,"minecraft:rotten_flesh":3,"minecraft:iron_boots":1,"minecraft:oak_planks":2,"minecraft:blast_furnace":1,"minecraft:poppy":1,"minecraft:cobblestone_slab":1,"minecraft:acacia_sapling":2,"minecraft:spider_eye":1,"minecraft:bell":1,"minecraft:stone_brick_stairs":1},"minecraft:custom":{"minecraft:mob_kills":56,"minecraft:interact_with_anvil":16,"minecraft:interact_with_crafting_table":35,"minecraft:bell_ring":18,"minecraft:leave_game":2,"minecraft:time_since_death":214430,"minecraft:sprint_one_cm":691420,"minecraft:walk_one_cm":774601,"minecraft:damage_blocked_by_shield":1085,"minecraft:drop":30,"minecraft:talked_to_villager":198,"minecraft:deaths":4,"minecraft:sneak_time":7277,"minecraft:walk_under_water_one_cm":30346,"minecraft:boat_one_cm":88732,"minecraft:jump":2766,"minecraft:interact_with_blast_furnace":3,"minecraft:walk_on_water_one_cm":25947,"minecraft:interact_with_furnace":22,"minecraft:traded_with_villager":87,"minecraft:play_one_minute":273682,"minecraft:interact_with_grindstone":1,"minecraft:sleep_in_bed":6,"minecraft:time_since_rest":163956,"minecraft:damage_taken":2715,"minecraft:damage_dealt":10486,"minecraft:swim_one_cm":34150,"minecraft:fly_one_cm":437996,"minecraft:player_kills":2,"minecraft:open_chest":91,"minecraft:crouch_one_cm":17578,"minecraft:fall_one_cm":47812}},"DataVersion":2586}