{"stats":{"minecraft:killed_by":{"minecraft:player":1},"minecraft:broken":{"minecraft:stone_pickaxe":1,"minecraft:iron_axe":1,"minecraft:iron_sword":1,"minecraft:iron_pickaxe":1},"minecraft:picked_up":{"minecraft:crafting_table":3,"minecraft:wheat":24,"minecraft:chainmail_boots":1,"minecraft:lead":1,"minecraft:enchanted_book":1,"minecraft:shield":1,"minecraft:string":81,"minecraft:oak_trapdoor":5,"minecraft:acacia_door":1,"minecraft:iron_axe":1,"minecraft:diamond_leggings":2,"minecraft:cartography_table":1,"minecraft:bucket":1,"minecraft:acacia_sign":1,"minecraft:beef":10,"minecraft:cobblestone_slab":3,"minecraft:poppy":1,"minecraft:iron_pickaxe":3,"minecraft:light_gray_wool":2,"minecraft:minecart":1,"minecraft:lectern":292,"minecraft:sugar_cane":20,"minecraft:chest":2,"minecraft:iron_boots":1,"minecraft:furnace":3,"minecraft:stick":5251,"minecraft:sandstone":5,"minecraft:composter":2,"minecraft:birch_trapdoor":16,"minecraft:oak_fence":11,"minecraft:torch":15,"minecraft:acacia_log":211,"minecraft:green_bed":5,"minecraft:porkchop":1,"minecraft:diorite":26,"minecraft:tnt":2,"minecraft:orange_bed":1,"minecraft:diamond_chestplate":1,"minecraft:arrow":8,"minecraft:rotten_flesh":37,"minecraft:diamond_boots":1,"minecraft:hay_block":18,"minecraft:mutton":8,"minecraft:rail":8,"minecraft:white_wool":16,"minecraft:cobblestone":615,"minecraft:birch_log":6,"minecraft:lime_bed":5,"minecraft:cooked_beef":3,"minecraft:andesite":44,"minecraft:cut_sandstone":5,"minecraft:leather":12,"minecraft:acacia_wood":37,"minecraft:birch_planks":41,"minecraft:flint":14,"minecraft:oak_log":45,"minecraft:gunpowder":16,"minecraft:dirt":262,"minecraft:cooked_mutton":15,"minecraft:bone":16,"minecraft:acacia_planks":28,"minecraft:wheat_seeds":142,"minecraft:acacia_trapdoor":2,"minecraft:bell":1,"minecraft:iron_ingot":67,"minecraft:stone_pickaxe":1,"minecraft:iron_ore":65,"minecraft:rabbit":1,"minecraft:fletching_table":12,"minecraft:iron_sword":1,"minecraft:oak_planks":99,"minecraft:book":36,"minecraft:cooked_porkchop":6,"minecraft:gravel":74,"minecraft:blast_furnace":2,"minecraft:white_bed":1,"minecraft:spider_eye":24,"minecraft:pumpkin_seeds":4,"minecraft:diamond":9,"minecraft:stone_axe":2,"minecraft:iron_helmet":1,"minecraft:granite":25,"minecraft:emerald":194,"minecraft:acacia_slab":1,"minecraft:melon_seeds":9,"minecraft:oak_sapling":10,"minecraft:brown_banner":5,"minecraft:black_wool":1,"minecraft:coal":142,"minecraft:ender_pearl":2},"minecraft:used":{"minecraft:oak_trapdoor":9,"minecraft:iron_shovel":237,"minecraft:flint_and_steel":19,"minecraft:chest":16,"minecraft:shield":16,"minecraft:iron_sword":260,"minecraft:bell":1,"minecraft:rotten_flesh":6,"minecraft:orange_bed":1,"minecraft:torch":59,"minecraft:dirt":217,"minecraft:anvil":1,"minecraft:granite":2,"minecraft:iron_axe":269,"minecraft:lava_bucket":4,"minecraft:villager_spawn_egg":13,"minecraft:acacia_slab":5,"minecraft:birch_trapdoor":10,"minecraft:bow":15,"minecraft:furnace":6,"minecraft:acacia_fence":9,"minecraft:cooked_beef":8,"minecraft:acacia_planks":2,"minecraft:cooked_mutton":5,"minecraft:water_bucket":2,"minecraft:acacia_trapdoor":10,"minecraft:stone_pickaxe":143,"minecraft:wooden_pickaxe":10,"minecraft:sandstone":5,"minecraft:cobblestone_slab":55,"minecraft:diamond_axe":276,"minecraft:green_bed":5,"minecraft:fletching_table":15,"minecraft:golden_apple":1,"minecraft:lime_bed":4,"minecraft:crafting_table":4,"minecraft:blast_furnace":7,"minecraft:white_bed":2,"minecraft:oak_log":5,"minecraft:acacia_sign":10,"minecraft:bread":13,"minecraft:iron_pickaxe":460,"minecraft:lectern":477,"minecraft:gravel":65,"minecraft:stone_axe":61,"minecraft:diamond_sword":53,"minecraft:cobblestone":367,"minecraft:grindstone":3,"minecraft:cooked_porkchop":7,"minecraft:bucket":3,"minecraft:oak_boat":1},"minecraft:killed":{"minecraft:cave_spider":17,"minecraft:spider":9,"minecraft:skeleton":12,"minecraft:husk":6,"minecraft:pig":4,"minecraft:zombie_villager":1,"minecraft:rabbit":1,"minecraft:iron_golem":1,"minecraft:bat":1,"minecraft:creeper":9,"minecraft:sheep":18,"minecraft:trader_llama":1,"minecraft:zombie":13,"minecraft:villager":7,"minecraft:enderman":1,"minecraft:cow":6},"minecraft:crafted":{"minecraft:oak_planks":152,"minecraft:cobblestone_slab":42,"minecraft:furnace":3,"minecraft:bookshelf":4,"minecraft:cooked_mutton":10,"minecraft:flint_and_steel":1,"minecraft:oak_trapdoor":4,"minecraft:diamond_leggings":7,"minecraft:bow":18,"minecraft:iron_boots":4,"minecraft:iron_axe":47,"minecraft:stone_pickaxe":2,"minecraft:chest":1,"minecraft:diamond_boots":3,"minecraft:acacia_fence":9,"minecraft:chainmail_leggings":24,"minecraft:cooked_beef":10,"minecraft:crossbow":12,"minecraft:diamond_sword":2,"minecraft:arrow":192,"minecraft:emerald":1345,"minecraft:cooked_porkchop":1,"minecraft:diamond_axe":1,"minecraft:crafting_table":1,"minecraft:acacia_slab":30,"minecraft:wooden_pickaxe":1,"minecraft:iron_helmet":11,"minecraft:iron_sword":4,"minecraft:bell":10,"minecraft:acacia_trapdoor":8,"minecraft:chainmail_chestplate":35,"minecraft:fletching_table":2,"minecraft:bucket":1,"minecraft:stone_axe":1,"minecraft:enchanted_book":12,"minecraft:air":0,"minecraft:oak_boat":1,"minecraft:lectern":4,"minecraft:iron_chestplate":10,"minecraft:book":1,"minecraft:paper":3,"minecraft:acacia_sign":9,"minecraft:shield":14,"minecraft:stick":848,"minecraft:iron_ingot":645,"minecraft:chainmail_boots":24,"minecraft:iron_pickaxe":4,"minecraft:birch_trapdoor":12,"minecraft:iron_block":3,"minecraft:iron_shovel":1,"minecraft:iron_leggings":22,"minecraft:anvil":1,"minecraft:white_bed":1,"minecraft:acacia_planks":440,"minecraft:torch":100},"minecraft:mined":{"minecraft:farmland":3,"minecraft:white_bed":1,"minecraft:granite":15,"minecraft:acacia_log":131,"minecraft:grass_block":113,"minecraft:acacia_slab":1,"minecraft:composter":2,"minecraft:cartography_table":1,"minecraft:hay_block":18,"minecraft:redstone_ore":1,"minecraft:oak_trapdoor":5,"minecraft:furnace":3,"minecraft:acacia_trapdoor":2,"minecraft:iron_ore":68,"minecraft:fire":23,"minecraft:acacia_wood":37,"minecraft:andesite":3,"minecraft:fletching_table":12,"minecraft:cobblestone_slab":2,"minecraft:stone":342,"minecraft:green_bed":4,"minecraft:glass_pane":5,"minecraft:melon_stem":1,"minecraft:oak_fence":3,"minecraft:crafting_table":3,"minecraft:blast_furnace":1,"minecraft:poppy":1,"minecraft:dead_bush":2,"minecraft:lectern":291,"minecraft:tall_grass":5,"minecraft:cobblestone":48,"minecraft:oak_planks":3,"minecraft:sugar_cane":5,"minecraft:diorite":7,"minecraft:birch_planks":1,"minecraft:lime_bed":5,"minecraft:birch_log":6,"minecraft:wheat":34,"minecraft:birch_trapdoor":7,"minecraft:grass_path":1,"minecraft:grass":67,"minecraft:coal_ore":88,"minecraft:oak_log":31,"minecraft:acacia_door":1,"minecraft:gravel":78,"minecraft:dirt":107,"minecraft:cobweb":52,"minecraft:acacia_wall_sign":1,"minecraft:oak_leaves":3},"minecraft:dropped":{"minecraft:enchanted_book":1,"minecraft:iron_ingot":64,"minecraft:bread":2,"minecraft:birch_planks":2,"minecraft:cooked_beef":3,"minecraft:diamond":9,"minecraft:diamond_leggings":6,"minecraft:cobblestone":67,"minecraft:book":24,"minecraft:leather":1,"minecraft:granite":14,"minecraft:brown_banner":3,"minecraft:emerald":6,"minecraft:flint":1,"minecraft:stick":5,"minecraft:dirt":5,"minecraft:diorite":1,"minecraft:iron_axe":11,"minecraft:iron_pickaxe":3,"minecraft:chainmail_leggings":11,"minecraft:string":2,"minecraft:bucket":1,"minecraft:bone":1,"minecraft:gravel":2,"minecraft:stone_axe":2,"minecraft:sugar_cane":11,"minecraft:composter":2,"minecraft:rotten_flesh":3,"minecraft:iron_boots":2,"minecraft:light_gray_wool":1,"minecraft:oak_planks":40,"minecraft:cooked_mutton":2,"minecraft:pumpkin_seeds":4,"minecraft:chainmail_chestplate":11,"minecraft:diamond_sword":1,"minecraft:poppy":1,"minecraft:cobblestone_slab":1,"minecraft:shield":1,"minecraft:diamond_chestplate":1,"minecraft:birch_trapdoor":9,"minecraft:iron_chestplate":4,"minecraft:andesite":3,"minecraft:melon_seeds":8,"minecraft:oak_sapling":6,"minecraft:chainmail_boots":4,"minecraft:spider_eye":12,"minecraft:diamond_boots":2,"minecraft:stone_pickaxe":2,"minecraft:wooden_pickaxe":1,"minecraft:black_wool":1,"minecraft:lectern":3},"minecraft:custom":{"minecraft:interact_with_anvil":9,"minecraft:mob_kills":115,"minecraft:interact_with_crafting_table":56,"minecraft:bell_ring":51,"minecraft:leave_game":3,"minecraft:time_since_death":266553,"minecraft:sprint_one_cm":286504,"minecraft:walk_one_cm":670771,"minecraft:damage_blocked_by_shield":441,"minecraft:drop":119,"minecraft:talked_to_villager":868,"minecraft:deaths":2,"minecraft:sneak_time":23371,"minecraft:walk_under_water_one_cm":28493,"minecraft:boat_one_cm":108315,"minecraft:jump":2884,"minecraft:walk_on_water_one_cm":30932,"minecraft:interact_with_furnace":42,"minecraft:traded_with_villager":455,"minecraft:play_one_minute":310806,"minecraft:sleep_in_bed":12,"minecraft:time_since_rest":49259,"minecraft:damage_taken":2525,"minecraft:damage_absorbed":40,"minecraft:damage_dealt":16813,"minecraft:player_kills":1,"minecraft:fly_one_cm":556685,"minecraft:open_chest":95,"minecraft:crouch_one_cm":80203,"minecraft:fall_one_cm":43062}},"DataVersion":2586}