{"stats":{"minecraft:killed_by":{"minecraft:player":1},"minecraft:broken":{"minecraft:stone_pickaxe":1,"minecraft:iron_axe":1,"minecraft:iron_sword":1,"minecraft:iron_pickaxe":1},"minecraft:picked_up":{"minecraft:crafting_table":3,"minecraft:wheat":24,"minecraft:chainmail_boots":1,"minecraft:lead":1,"minecraft:enchanted_book":1,"minecraft:shield":1,"minecraft:string":81,"minecraft:oak_trapdoor":5,"minecraft:iron_axe":1,"minecraft:acacia_door":1,"minecraft:diamond_leggings":3,"minecraft:cartography_table":1,"minecraft:bucket":1,"minecraft:acacia_sign":1,"minecraft:beef":10,"minecraft:cobblestone_slab":3,"minecraft:poppy":1,"minecraft:iron_pickaxe":4,"minecraft:light_gray_wool":2,"minecraft:lectern":292,"minecraft:minecart":1,"minecraft:melon_slice":12,"minecraft:sugar_cane":20,"minecraft:chest":3,"minecraft:iron_boots":1,"minecraft:furnace":3,"minecraft:stick":5251,"minecraft:sandstone":5,"minecraft:composter":2,"minecraft:birch_trapdoor":16,"minecraft:oak_fence":11,"minecraft:torch":17,"minecraft:acacia_log":240,"minecraft:green_bed":5,"minecraft:porkchop":1,"minecraft:diorite":26,"minecraft:redstone":20,"minecraft:orange_bed":1,"minecraft:tnt":2,"minecraft:cactus":6,"minecraft:arrow":11,"minecraft:rotten_flesh":39,"minecraft:diamond_chestplate":1,"minecraft:diamond_boots":1,"minecraft:hay_block":18,"minecraft:saddle":1,"minecraft:mutton":8,"minecraft:bone_block":6,"minecraft:white_wool":16,"minecraft:rail":8,"minecraft:cobblestone":675,"minecraft:birch_log":6,"minecraft:lime_bed":5,"minecraft:cooked_beef":3,"minecraft:andesite":48,"minecraft:leather":14,"minecraft:cut_sandstone":5,"minecraft:acacia_wood":45,"minecraft:birch_planks":41,"minecraft:flint":14,"minecraft:oak_log":45,"minecraft:gunpowder":16,"minecraft:dirt":269,"minecraft:cooked_mutton":15,"minecraft:bone":22,"minecraft:acacia_planks":47,"minecraft:acacia_trapdoor":2,"minecraft:wheat_seeds":142,"minecraft:bell":1,"minecraft:iron_ingot":67,"minecraft:stone_pickaxe":1,"minecraft:iron_ore":72,"minecraft:rabbit":1,"minecraft:fletching_table":12,"minecraft:iron_sword":1,"minecraft:oak_planks":99,"minecraft:book":36,"minecraft:cooked_porkchop":6,"minecraft:gravel":74,"minecraft:blast_furnace":2,"minecraft:white_bed":1,"minecraft:gold_ore":12,"minecraft:spider_eye":24,"minecraft:pumpkin_seeds":4,"minecraft:diamond":9,"minecraft:stone_axe":2,"minecraft:iron_helmet":1,"minecraft:granite":25,"minecraft:netherrack":51,"minecraft:emerald":194,"minecraft:acacia_slab":1,"minecraft:black_wool":1,"minecraft:oak_sapling":10,"minecraft:brown_banner":10,"minecraft:melon_seeds":9,"minecraft:coal":153,"minecraft:ender_pearl":2},"minecraft:used":{"minecraft:oak_trapdoor":9,"minecraft:iron_shovel":237,"minecraft:flint_and_steel":20,"minecraft:chest":16,"minecraft:shield":18,"minecraft:iron_sword":260,"minecraft:bell":1,"minecraft:rotten_flesh":6,"minecraft:netherrack":32,"minecraft:orange_bed":1,"minecraft:torch":59,"minecraft:dirt":220,"minecraft:anvil":1,"minecraft:granite":2,"minecraft:villager_spawn_egg":13,"minecraft:lava_bucket":5,"minecraft:iron_axe":269,"minecraft:acacia_slab":5,"minecraft:birch_trapdoor":10,"minecraft:bow":34,"minecraft:furnace":7,"minecraft:acacia_fence":9,"minecraft:cooked_beef":8,"minecraft:acacia_planks":12,"minecraft:cooked_mutton":7,"minecraft:water_bucket":4,"minecraft:acacia_trapdoor":10,"minecraft:stone_pickaxe":143,"minecraft:wooden_pickaxe":10,"minecraft:diamond_axe":313,"minecraft:sandstone":5,"minecraft:green_bed":5,"minecraft:fletching_table":15,"minecraft:cobblestone_slab":55,"minecraft:golden_apple":2,"minecraft:lime_bed":4,"minecraft:crafting_table":5,"minecraft:blast_furnace":7,"minecraft:white_bed":2,"minecraft:oak_log":5,"minecraft:acacia_sign":10,"minecraft:bread":13,"minecraft:iron_pickaxe":605,"minecraft:lectern":477,"minecraft:gravel":65,"minecraft:stone_axe":61,"minecraft:diamond_sword":61,"minecraft:cobblestone":417,"minecraft:grindstone":3,"minecraft:cooked_porkchop":7,"minecraft:andesite":4,"minecraft:bucket":7,"minecraft:oak_boat":1},"minecraft:killed":{"minecraft:cave_spider":17,"minecraft:spider":9,"minecraft:skeleton":14,"minecraft:husk":7,"minecraft:pig":4,"minecraft:zombie_villager":1,"minecraft:rabbit":1,"minecraft:iron_golem":1,"minecraft:bat":1,"minecraft:creeper":10,"minecraft:sheep":18,"minecraft:trader_llama":1,"minecraft:zombie":13,"minecraft:ghast":1,"minecraft:villager":7,"minecraft:enderman":1,"minecraft:cow":6},"minecraft:crafted":{"minecraft:oak_planks":152,"minecraft:cobblestone_slab":42,"minecraft:furnace":4,"minecraft:bookshelf":4,"minecraft:cooked_mutton":10,"minecraft:flint_and_steel":1,"minecraft:oak_trapdoor":4,"minecraft:diamond_helmet":1,"minecraft:diamond_leggings":7,"minecraft:bow":18,"minecraft:iron_boots":4,"minecraft:iron_axe":47,"minecraft:stone_pickaxe":2,"minecraft:chest":1,"minecraft:diamond_boots":3,"minecraft:acacia_fence":9,"minecraft:chainmail_leggings":24,"minecraft:cooked_beef":10,"minecraft:crossbow":12,"minecraft:diamond_sword":2,"minecraft:arrow":192,"minecraft:emerald":1378,"minecraft:cooked_porkchop":1,"minecraft:diamond_axe":1,"minecraft:crafting_table":2,"minecraft:acacia_slab":30,"minecraft:wooden_pickaxe":1,"minecraft:iron_helmet":11,"minecraft:iron_sword":4,"minecraft:bell":10,"minecraft:acacia_trapdoor":8,"minecraft:chainmail_chestplate":35,"minecraft:fletching_table":2,"minecraft:bucket":2,"minecraft:stone_axe":1,"minecraft:enchanted_book":12,"minecraft:air":0,"minecraft:oak_boat":1,"minecraft:lectern":4,"minecraft:book":1,"minecraft:iron_chestplate":10,"minecraft:paper":3,"minecraft:acacia_sign":9,"minecraft:shield":14,"minecraft:stick":1872,"minecraft:iron_ingot":651,"minecraft:chainmail_boots":24,"minecraft:iron_pickaxe":4,"minecraft:birch_trapdoor":12,"minecraft:iron_block":3,"minecraft:iron_shovel":1,"minecraft:iron_leggings":22,"minecraft:anvil":1,"minecraft:white_bed":1,"minecraft:acacia_planks":932,"minecraft:torch":100,"minecraft:diamond_chestplate":1},"minecraft:mined":{"minecraft:white_bed":1,"minecraft:farmland":3,"minecraft:granite":15,"minecraft:acacia_log":155,"minecraft:grass_block":114,"minecraft:acacia_slab":1,"minecraft:composter":2,"minecraft:cartography_table":1,"minecraft:hay_block":18,"minecraft:redstone_ore":6,"minecraft:oak_trapdoor":5,"minecraft:acacia_trapdoor":2,"minecraft:furnace":3,"minecraft:iron_ore":74,"minecraft:fire":23,"minecraft:acacia_wood":45,"minecraft:andesite":8,"minecraft:fletching_table":12,"minecraft:cobblestone_slab":2,"minecraft:stone":394,"minecraft:bone_block":8,"minecraft:green_bed":4,"minecraft:glass_pane":6,"minecraft:melon_stem":1,"minecraft:oak_fence":3,"minecraft:crafting_table":3,"minecraft:blast_furnace":1,"minecraft:poppy":1,"minecraft:melon":4,"minecraft:dead_bush":2,"minecraft:lectern":291,"minecraft:tall_grass":5,"minecraft:cobblestone":52,"minecraft:oak_planks":3,"minecraft:sugar_cane":5,"minecraft:diorite":7,"minecraft:birch_planks":1,"minecraft:lime_bed":5,"minecraft:birch_log":6,"minecraft:wheat":34,"minecraft:birch_trapdoor":7,"minecraft:grass_path":1,"minecraft:grass":67,"minecraft:coal_ore":99,"minecraft:oak_log":31,"minecraft:gravel":78,"minecraft:dirt":115,"minecraft:acacia_door":1,"minecraft:cobweb":52,"minecraft:netherrack":53,"minecraft:acacia_wall_sign":1,"minecraft:oak_leaves":3},"minecraft:dropped":{"minecraft:enchanted_book":1,"minecraft:iron_ingot":67,"minecraft:bread":2,"minecraft:birch_planks":2,"minecraft:cooked_beef":3,"minecraft:diamond":9,"minecraft:diamond_leggings":6,"minecraft:cobblestone":67,"minecraft:book":24,"minecraft:leather":1,"minecraft:granite":14,"minecraft:brown_banner":10,"minecraft:emerald":6,"minecraft:stick":7,"minecraft:flint":1,"minecraft:dirt":6,"minecraft:diorite":1,"minecraft:iron_axe":11,"minecraft:iron_pickaxe":4,"minecraft:cactus":6,"minecraft:chainmail_leggings":11,"minecraft:string":2,"minecraft:bucket":1,"minecraft:acacia_planks":2,"minecraft:bone":4,"minecraft:gravel":2,"minecraft:stone_axe":2,"minecraft:sugar_cane":11,"minecraft:wheat":1,"minecraft:composter":2,"minecraft:rotten_flesh":3,"minecraft:iron_boots":2,"minecraft:light_gray_wool":1,"minecraft:oak_planks":40,"minecraft:cooked_mutton":2,"minecraft:pumpkin_seeds":4,"minecraft:chainmail_chestplate":11,"minecraft:diamond_sword":1,"minecraft:poppy":1,"minecraft:cobblestone_slab":1,"minecraft:shield":1,"minecraft:birch_trapdoor":9,"minecraft:diamond_chestplate":1,"minecraft:iron_chestplate":4,"minecraft:andesite":3,"minecraft:melon_seeds":8,"minecraft:oak_sapling":6,"minecraft:chainmail_boots":4,"minecraft:spider_eye":12,"minecraft:diamond_boots":2,"minecraft:iron_ore":1,"minecraft:stone_pickaxe":2,"minecraft:wooden_pickaxe":1,"minecraft:lectern":3,"minecraft:black_wool":1},"minecraft:custom":{"minecraft:interact_with_anvil":10,"minecraft:mob_kills":120,"minecraft:interact_with_crafting_table":64,"minecraft:bell_ring":51,"minecraft:leave_game":4,"minecraft:time_since_death":289958,"minecraft:sprint_one_cm":308896,"minecraft:walk_one_cm":714191,"minecraft:damage_blocked_by_shield":531,"minecraft:drop":132,"minecraft:talked_to_villager":876,"minecraft:sneak_time":25438,"minecraft:deaths":2,"minecraft:walk_under_water_one_cm":29304,"minecraft:boat_one_cm":108315,"minecraft:jump":3288,"minecraft:walk_on_water_one_cm":45794,"minecraft:interact_with_furnace":49,"minecraft:traded_with_villager":490,"minecraft:play_one_minute":334211,"minecraft:sleep_in_bed":12,"minecraft:time_since_rest":72664,"minecraft:damage_absorbed":78,"minecraft:damage_taken":2863,"minecraft:damage_dealt":17585,"minecraft:player_kills":2,"minecraft:fly_one_cm":608180,"minecraft:open_chest":98,"minecraft:crouch_one_cm":87621,"minecraft:fall_one_cm":53294,"minecraft:horse_one_cm":50730}},"DataVersion":2586}