{"stats":{"minecraft:used":{"minecraft:oak_log":5},"minecraft:picked_up":{"minecraft:birch_log":6,"minecraft:oak_log":5,"minecraft:sugar_cane":6},"minecraft:custom":{"minecraft:jump":37,"minecraft:crouch_one_cm":2122,"minecraft:play_one_minute":5912,"minecraft:leave_game":2,"minecraft:sprint_one_cm":3889,"minecraft:time_since_death":5912,"minecraft:walk_one_cm":4005,"minecraft:sneak_time":754,"minecraft:fall_one_cm":476,"minecraft:fly_one_cm":10107,"minecraft:time_since_rest":5912},"minecraft:mined":{"minecraft:birch_log":6,"minecraft:grass":1,"minecraft:oak_log":5,"minecraft:sugar_cane":3,"minecraft:oak_leaves":2}},"DataVersion":2586}