{"stats":{"minecraft:picked_up":{"minecraft:oak_log":3,"minecraft:birch_log":6},"minecraft:custom":{"minecraft:jump":18,"minecraft:time_since_rest":3601,"minecraft:crouch_one_cm":1759,"minecraft:play_one_minute":3601,"minecraft:leave_game":1,"minecraft:sprint_one_cm":2804,"minecraft:time_since_death":3601,"minecraft:walk_one_cm":3055,"minecraft:sneak_time":638,"minecraft:fall_one_cm":267,"minecraft:fly_one_cm":5523},"minecraft:mined":{"minecraft:birch_log":6,"minecraft:grass":1,"minecraft:oak_log":3,"minecraft:oak_leaves":2}},"DataVersion":2586}