{"stats":{"minecraft:crafted":{"minecraft:oak_planks":152,"minecraft:cobblestone_slab":42,"minecraft:diamond_shovel":1,"minecraft:bookshelf":22,"minecraft:cooked_mutton":10,"minecraft:diamond_helmet":1,"minecraft:bow":18,"minecraft:diamond_leggings":7,"minecraft:iron_boots":4,"minecraft:chest":1,"minecraft:acacia_fence":9,"minecraft:arrow":192,"minecraft:emerald":2134,"minecraft:cooked_porkchop":1,"minecraft:diamond_axe":2,"minecraft:crafting_table":2,"minecraft:acacia_slab":30,"minecraft:wooden_pickaxe":1,"minecraft:iron_helmet":11,"minecraft:chainmail_chestplate":35,"minecraft:fletching_table":2,"minecraft:lectern":4,"minecraft:iron_chestplate":10,"minecraft:book":1,"minecraft:paper":3,"minecraft:diamond_pickaxe":2,"minecraft:shield":14,"minecraft:stick":1884,"minecraft:iron_pickaxe":4,"minecraft:iron_ingot":651,"minecraft:iron_block":3,"minecraft:furnace":4,"minecraft:oak_trapdoor":4,"minecraft:flint_and_steel":1,"minecraft:iron_axe":47,"minecraft:stone_pickaxe":2,"minecraft:diamond_boots":3,"minecraft:chainmail_leggings":24,"minecraft:wheat":162,"minecraft:cooked_beef":10,"minecraft:crossbow":12,"minecraft:diamond_sword":2,"minecraft:enchanting_table":1,"minecraft:iron_sword":4,"minecraft:bell":10,"minecraft:acacia_trapdoor":8,"minecraft:bucket":2,"minecraft:stone_axe":1,"minecraft:enchanted_book":24,"minecraft:bread":60,"minecraft:air":0,"minecraft:oak_boat":1,"minecraft:acacia_sign":9,"minecraft:chainmail_boots":24,"minecraft:birch_trapdoor":12,"minecraft:iron_shovel":1,"minecraft:iron_leggings":22,"minecraft:anvil":1,"minecraft:white_bed":1,"minecraft:acacia_planks":944,"minecraft:torch":100,"minecraft:diamond_chestplate":1},"minecraft:picked_up":{"minecraft:wheat":32,"minecraft:chainmail_boots":1,"minecraft:lead":1,"minecraft:diamond_sword":1,"minecraft:enchanted_book":3,"minecraft:string":81,"minecraft:soul_soil":8,"minecraft:cooked_salmon":3,"minecraft:diamond_leggings":3,"minecraft:bucket":1,"minecraft:acacia_sign":1,"minecraft:cobblestone_slab":3,"minecraft:iron_pickaxe":5,"minecraft:melon_slice":12,"minecraft:furnace":3,"minecraft:iron_boots":1,"minecraft:stick":5255,"minecraft:composter":2,"minecraft:birch_trapdoor":16,"minecraft:oak_fence":11,"minecraft:acacia_log":245,"minecraft:torch":17,"minecraft:green_bed":5,"minecraft:porkchop":1,"minecraft:diorite":26,"minecraft:orange_bed":1,"minecraft:cactus":7,"minecraft:rotten_flesh":49,"minecraft:blaze_rod":5,"minecraft:cobblestone":807,"minecraft:birch_log":6,"minecraft:feather":3,"minecraft:cooked_beef":9,"minecraft:andesite":53,"minecraft:flint":14,"minecraft:acacia_boat":4,"minecraft:lapis_lazuli":126,"minecraft:dirt":330,"minecraft:twisting_vines":6,"minecraft:bone":34,"minecraft:acacia_planks":47,"minecraft:wheat_seeds":154,"minecraft:bell":1,"minecraft:fletching_table":12,"minecraft:rabbit":1,"minecraft:oak_planks":99,"minecraft:cooked_porkchop":24,"minecraft:diamond":9,"minecraft:cracked_polished_blackstone_bricks":2,"minecraft:granite":25,"minecraft:emerald":429,"minecraft:bread":1,"minecraft:oak_sapling":10,"minecraft:netherrack":152,"minecraft:crafting_table":3,"minecraft:chicken":1,"minecraft:gold_block":3,"minecraft:shield":2,"minecraft:oak_trapdoor":5,"minecraft:iron_axe":1,"minecraft:acacia_door":1,"minecraft:cartography_table":1,"minecraft:beef":10,"minecraft:minecart":1,"minecraft:poppy":1,"minecraft:light_gray_wool":2,"minecraft:lectern":292,"minecraft:sugar_cane":20,"minecraft:chest":3,"minecraft:egg":2,"minecraft:sandstone":5,"minecraft:polished_blackstone_bricks":5,"minecraft:redstone":20,"minecraft:tnt":2,"minecraft:arrow":25,"minecraft:weeping_vines":1,"minecraft:diamond_chestplate":1,"minecraft:nether_bricks":12,"minecraft:diamond_boots":1,"minecraft:hay_block":24,"minecraft:saddle":2,"minecraft:mutton":8,"minecraft:rail":8,"minecraft:bone_block":6,"minecraft:white_wool":19,"minecraft:lime_bed":5,"minecraft:salmon":5,"minecraft:cut_sandstone":5,"minecraft:leather":18,"minecraft:acacia_wood":48,"minecraft:birch_planks":41,"minecraft:oak_log":45,"minecraft:nether_wart_block":1,"minecraft:gunpowder":17,"minecraft:cooked_mutton":21,"minecraft:acacia_trapdoor":2,"minecraft:iron_ingot":67,"minecraft:stone_pickaxe":1,"minecraft:cooked_chicken":2,"minecraft:iron_ore":79,"minecraft:soul_sand":5,"minecraft:iron_sword":1,"minecraft:book":36,"minecraft:emerald_block":58,"minecraft:quartz":21,"minecraft:gravel":74,"minecraft:blast_furnace":2,"minecraft:white_bed":1,"minecraft:gold_ore":12,"minecraft:spider_eye":24,"minecraft:pumpkin_seeds":4,"minecraft:stone_axe":2,"minecraft:iron_helmet":1,"minecraft:diamond_axe":1,"minecraft:melon_seeds":9,"minecraft:brown_banner":10,"minecraft:acacia_slab":1,"minecraft:black_wool":1,"minecraft:coal":153,"minecraft:ender_pearl":2},"minecraft:killed_by":{"minecraft:player":1},"minecraft:mined":{"minecraft:white_bed":1,"minecraft:farmland":10,"minecraft:granite":34,"minecraft:chiseled_polished_blackstone":1,"minecraft:acacia_log":159,"minecraft:grass_block":159,"minecraft:cracked_polished_blackstone_bricks":12,"minecraft:soul_soil":10,"minecraft:composter":2,"minecraft:gilded_blackstone":1,"minecraft:polished_blackstone_bricks":12,"minecraft:weeping_vines_plant":2,"minecraft:magma_block":2,"minecraft:iron_ore":81,"minecraft:fire":54,"minecraft:fletching_table":12,"minecraft:twisting_vines":2,"minecraft:green_bed":4,"minecraft:blackstone":33,"minecraft:twisting_vines_plant":7,"minecraft:melon_stem":1,"minecraft:blast_furnace":1,"minecraft:poppy":1,"minecraft:melon":4,"minecraft:dead_bush":2,"minecraft:nether_quartz_ore":22,"minecraft:cobblestone":73,"minecraft:sugar_cane":5,"minecraft:oak_planks":3,"minecraft:birch_log":6,"minecraft:wheat":42,"minecraft:birch_trapdoor":7,"minecraft:grass":83,"minecraft:oak_log":31,"minecraft:dirt":129,"minecraft:netherrack":218,"minecraft:oak_leaves":3,"minecraft:nether_gold_ore":2,"minecraft:nether_bricks":18,"minecraft:weeping_vines":1,"minecraft:acacia_slab":2,"minecraft:cartography_table":1,"minecraft:hay_block":25,"minecraft:redstone_ore":6,"minecraft:oak_trapdoor":5,"minecraft:furnace":3,"minecraft:acacia_trapdoor":2,"minecraft:nether_sprouts":1,"minecraft:acacia_wood":50,"minecraft:andesite":14,"minecraft:gold_block":3,"minecraft:cobblestone_slab":2,"minecraft:stone":546,"minecraft:bone_block":8,"minecraft:acacia_leaves":2,"minecraft:glass_pane":6,"minecraft:soul_sand":5,"minecraft:oak_fence":3,"minecraft:crafting_table":3,"minecraft:lectern":291,"minecraft:tall_grass":6,"minecraft:lapis_ore":19,"minecraft:diorite":7,"minecraft:lime_bed":5,"minecraft:birch_planks":1,"minecraft:cactus":1,"minecraft:grass_path":24,"minecraft:coal_ore":99,"minecraft:gravel":78,"minecraft:acacia_door":1,"minecraft:cobweb":52,"minecraft:acacia_wall_sign":1},"minecraft:custom":{"minecraft:interact_with_crafting_table":75,"minecraft:bell_ring":51,"minecraft:leave_game":9,"minecraft:time_since_death":441845,"minecraft:sprint_one_cm":506060,"minecraft:damage_blocked_by_shield":1596,"minecraft:drop":180,"minecraft:talked_to_villager":889,"minecraft:deaths":2,"minecraft:jump":6445,"minecraft:walk_on_water_one_cm":62185,"minecraft:enchant_item":5,"minecraft:interact_with_furnace":51,"minecraft:traded_with_villager":520,"minecraft:play_one_minute":486098,"minecraft:sleep_in_bed":14,"minecraft:damage_dealt":32627,"minecraft:player_kills":3,"minecraft:crouch_one_cm":113180,"minecraft:horse_one_cm":152711,"minecraft:mob_kills":229,"minecraft:interact_with_anvil":22,"minecraft:climb_one_cm":1112,"minecraft:walk_one_cm":1017647,"minecraft:sneak_time":32492,"minecraft:walk_under_water_one_cm":42090,"minecraft:boat_one_cm":130615,"minecraft:interact_with_grindstone":3,"minecraft:time_since_rest":49999,"minecraft:damage_taken":5207,"minecraft:damage_absorbed":78,"minecraft:swim_one_cm":771,"minecraft:fly_one_cm":1249348,"minecraft:open_chest":136,"minecraft:fall_one_cm":142180},"minecraft:used":{"minecraft:iron_shovel":237,"minecraft:chest":16,"minecraft:shield":40,"minecraft:iron_sword":260,"minecraft:bell":1,"minecraft:rotten_flesh":6,"minecraft:nether_bricks":5,"minecraft:obsidian":10,"minecraft:lava_bucket":5,"minecraft:villager_spawn_egg":13,"minecraft:birch_trapdoor":10,"minecraft:bow":114,"minecraft:hay_block":4,"minecraft:furnace":7,"minecraft:acacia_fence":9,"minecraft:acacia_trapdoor":10,"minecraft:stone_pickaxe":143,"minecraft:ender_pearl":1,"minecraft:wooden_pickaxe":10,"minecraft:sandstone":5,"minecraft:diamond_axe":339,"minecraft:golden_apple":2,"minecraft:blast_furnace":7,"minecraft:melon_slice":7,"minecraft:bread":63,"minecraft:lectern":477,"minecraft:gravel":65,"minecraft:diamond_sword":277,"minecraft:grindstone":3,"minecraft:andesite":4,"minecraft:oak_boat":1,"minecraft:oak_trapdoor":9,"minecraft:enchanting_table":1,"minecraft:acacia_log":2,"minecraft:flint_and_steel":44,"minecraft:netherrack":141,"minecraft:orange_bed":1,"minecraft:torch":62,"minecraft:dirt":281,"minecraft:anvil":1,"minecraft:twisting_vines":1,"minecraft:granite":2,"minecraft:bookshelf":18,"minecraft:iron_axe":269,"minecraft:acacia_slab":5,"minecraft:cooked_beef":8,"minecraft:acacia_planks":12,"minecraft:cooked_mutton":7,"minecraft:acacia_boat":3,"minecraft:water_bucket":16,"minecraft:iron_ore":3,"minecraft:fletching_table":15,"minecraft:green_bed":5,"minecraft:cobblestone_slab":55,"minecraft:salmon":1,"minecraft:lime_bed":4,"minecraft:crafting_table":5,"minecraft:white_bed":2,"minecraft:oak_log":5,"minecraft:diamond_pickaxe":160,"minecraft:diamond_shovel":96,"minecraft:acacia_sign":10,"minecraft:iron_pickaxe":951,"minecraft:stone_axe":61,"minecraft:cobblestone":498,"minecraft:cooked_porkchop":13,"minecraft:bucket":19},"minecraft:broken":{"minecraft:stone_pickaxe":1,"minecraft:iron_sword":1,"minecraft:iron_axe":1,"minecraft:iron_pickaxe":3},"minecraft:killed":{"minecraft:cave_spider":17,"minecraft:spider":11,"minecraft:skeleton":27,"minecraft:chicken":2,"minecraft:piglin":19,"minecraft:pig":7,"minecraft:zombie_villager":1,"minecraft:salmon":9,"minecraft:iron_golem":1,"minecraft:creeper":13,"minecraft:sheep":22,"minecraft:trader_llama":1,"minecraft:zombie":21,"minecraft:ghast":4,"minecraft:cow":9,"minecraft:blaze":23,"minecraft:husk":11,"minecraft:rabbit":1,"minecraft:bat":1,"minecraft:hoglin":5,"minecraft:wither_skeleton":1,"minecraft:villager":7,"minecraft:enderman":2},"minecraft:dropped":{"minecraft:birch_planks":2,"minecraft:diamond_axe":2,"minecraft:cooked_beef":3,"minecraft:diamond":9,"minecraft:weeping_vines":1,"minecraft:leather":1,"minecraft:saddle":1,"minecraft:brown_banner":10,"minecraft:flint":1,"minecraft:emerald":644,"minecraft:dirt":6,"minecraft:cracked_polished_blackstone_bricks":2,"minecraft:polished_blackstone_bricks":5,"minecraft:iron_pickaxe":4,"minecraft:white_wool":5,"minecraft:gold_ingot":1,"minecraft:bone":4,"minecraft:gravel":2,"minecraft:stone_axe":2,"minecraft:sugar_cane":11,"minecraft:wheat":1,"minecraft:rotten_flesh":3,"minecraft:oak_planks":40,"minecraft:cooked_mutton":2,"minecraft:chainmail_chestplate":11,"minecraft:poppy":1,"minecraft:gunpowder":1,"minecraft:birch_trapdoor":9,"minecraft:melon_seeds":8,"minecraft:chainmail_boots":4,"minecraft:iron_ore":5,"minecraft:quartz":21,"minecraft:netherrack":11,"minecraft:lectern":3,"minecraft:egg":2,"minecraft:enchanted_book":1,"minecraft:iron_ingot":68,"minecraft:bread":11,"minecraft:wheat_seeds":3,"minecraft:diamond_leggings":6,"minecraft:cobblestone":71,"minecraft:book":24,"minecraft:granite":14,"minecraft:acacia_log":3,"minecraft:stick":7,"minecraft:diorite":1,"minecraft:nether_wart_block":1,"minecraft:iron_axe":11,"minecraft:cactus":7,"minecraft:chainmail_leggings":11,"minecraft:string":2,"minecraft:bucket":1,"minecraft:acacia_planks":2,"minecraft:composter":2,"minecraft:light_gray_wool":1,"minecraft:iron_boots":2,"minecraft:nether_bricks":7,"minecraft:pumpkin_seeds":4,"minecraft:diamond_sword":2,"minecraft:cobblestone_slab":1,"minecraft:shield":1,"minecraft:diamond_chestplate":1,"minecraft:iron_chestplate":4,"minecraft:andesite":8,"minecraft:oak_sapling":6,"minecraft:spider_eye":12,"minecraft:diamond_boots":2,"minecraft:stone_pickaxe":2,"minecraft:wooden_pickaxe":1,"minecraft:black_wool":1}},"DataVersion":2586}