{"stats":{"minecraft:killed_by":{"minecraft:player":1},"minecraft:broken":{"minecraft:stone_pickaxe":1,"minecraft:iron_axe":1,"minecraft:iron_sword":1,"minecraft:iron_pickaxe":1},"minecraft:picked_up":{"minecraft:crafting_table":3,"minecraft:wheat":23,"minecraft:chainmail_boots":1,"minecraft:lead":1,"minecraft:enchanted_book":1,"minecraft:shield":1,"minecraft:string":81,"minecraft:oak_trapdoor":5,"minecraft:iron_axe":1,"minecraft:diamond_leggings":2,"minecraft:cartography_table":1,"minecraft:bucket":1,"minecraft:acacia_sign":1,"minecraft:beef":10,"minecraft:cobblestone_slab":3,"minecraft:poppy":1,"minecraft:iron_pickaxe":3,"minecraft:light_gray_wool":2,"minecraft:minecart":1,"minecraft:lectern":292,"minecraft:sugar_cane":20,"minecraft:chest":2,"minecraft:iron_boots":1,"minecraft:furnace":3,"minecraft:stick":5251,"minecraft:sandstone":5,"minecraft:composter":2,"minecraft:birch_trapdoor":16,"minecraft:oak_fence":11,"minecraft:torch":12,"minecraft:acacia_log":146,"minecraft:green_bed":5,"minecraft:porkchop":1,"minecraft:diorite":26,"minecraft:tnt":2,"minecraft:orange_bed":1,"minecraft:diamond_chestplate":1,"minecraft:arrow":7,"minecraft:rotten_flesh":26,"minecraft:diamond_boots":1,"minecraft:hay_block":18,"minecraft:mutton":8,"minecraft:rail":8,"minecraft:white_wool":16,"minecraft:cobblestone":615,"minecraft:birch_log":6,"minecraft:lime_bed":5,"minecraft:cooked_beef":3,"minecraft:andesite":44,"minecraft:cut_sandstone":5,"minecraft:leather":12,"minecraft:acacia_wood":16,"minecraft:birch_planks":41,"minecraft:flint":14,"minecraft:oak_log":45,"minecraft:gunpowder":10,"minecraft:dirt":261,"minecraft:cooked_mutton":15,"minecraft:bone":13,"minecraft:acacia_planks":28,"minecraft:wheat_seeds":137,"minecraft:acacia_trapdoor":2,"minecraft:bell":1,"minecraft:iron_ingot":67,"minecraft:stone_pickaxe":1,"minecraft:iron_ore":65,"minecraft:fletching_table":12,"minecraft:iron_sword":1,"minecraft:oak_planks":99,"minecraft:book":36,"minecraft:cooked_porkchop":6,"minecraft:gravel":74,"minecraft:blast_furnace":2,"minecraft:white_bed":1,"minecraft:spider_eye":24,"minecraft:pumpkin_seeds":4,"minecraft:diamond":9,"minecraft:stone_axe":2,"minecraft:iron_helmet":1,"minecraft:granite":25,"minecraft:emerald":194,"minecraft:acacia_slab":1,"minecraft:melon_seeds":9,"minecraft:oak_sapling":10,"minecraft:brown_banner":3,"minecraft:black_wool":1,"minecraft:coal":142,"minecraft:ender_pearl":1},"minecraft:used":{"minecraft:oak_trapdoor":9,"minecraft:iron_shovel":237,"minecraft:flint_and_steel":19,"minecraft:chest":16,"minecraft:shield":15,"minecraft:iron_sword":255,"minecraft:bell":1,"minecraft:rotten_flesh":6,"minecraft:orange_bed":1,"minecraft:torch":59,"minecraft:dirt":217,"minecraft:anvil":1,"minecraft:granite":2,"minecraft:iron_axe":269,"minecraft:lava_bucket":4,"minecraft:villager_spawn_egg":13,"minecraft:acacia_slab":5,"minecraft:birch_trapdoor":10,"minecraft:bow":3,"minecraft:furnace":6,"minecraft:acacia_fence":9,"minecraft:cooked_beef":8,"minecraft:acacia_planks":2,"minecraft:cooked_mutton":5,"minecraft:water_bucket":2,"minecraft:acacia_trapdoor":10,"minecraft:stone_pickaxe":143,"minecraft:wooden_pickaxe":10,"minecraft:sandstone":3,"minecraft:cobblestone_slab":55,"minecraft:diamond_axe":181,"minecraft:green_bed":5,"minecraft:fletching_table":15,"minecraft:golden_apple":1,"minecraft:lime_bed":4,"minecraft:crafting_table":4,"minecraft:blast_furnace":7,"minecraft:white_bed":2,"minecraft:oak_log":5,"minecraft:acacia_sign":10,"minecraft:bread":13,"minecraft:iron_pickaxe":460,"minecraft:lectern":477,"minecraft:gravel":65,"minecraft:stone_axe":61,"minecraft:diamond_sword":23,"minecraft:cobblestone":367,"minecraft:grindstone":3,"minecraft:cooked_porkchop":1,"minecraft:bucket":3,"minecraft:oak_boat":1},"minecraft:killed":{"minecraft:cave_spider":17,"minecraft:spider":9,"minecraft:skeleton":10,"minecraft:husk":6,"minecraft:pig":4,"minecraft:iron_golem":1,"minecraft:bat":1,"minecraft:creeper":3,"minecraft:sheep":18,"minecraft:trader_llama":1,"minecraft:zombie":8,"minecraft:villager":7,"minecraft:cow":6},"minecraft:crafted":{"minecraft:oak_planks":152,"minecraft:cobblestone_slab":42,"minecraft:furnace":3,"minecraft:bookshelf":4,"minecraft:cooked_mutton":10,"minecraft:flint_and_steel":1,"minecraft:oak_trapdoor":4,"minecraft:diamond_leggings":6,"minecraft:bow":18,"minecraft:iron_boots":4,"minecraft:iron_axe":47,"minecraft:stone_pickaxe":2,"minecraft:chest":1,"minecraft:diamond_boots":3,"minecraft:acacia_fence":9,"minecraft:chainmail_leggings":24,"minecraft:cooked_beef":10,"minecraft:crossbow":12,"minecraft:diamond_sword":2,"minecraft:arrow":192,"minecraft:emerald":1337,"minecraft:cooked_porkchop":1,"minecraft:diamond_axe":1,"minecraft:crafting_table":1,"minecraft:acacia_slab":30,"minecraft:wooden_pickaxe":1,"minecraft:iron_helmet":11,"minecraft:iron_sword":4,"minecraft:bell":10,"minecraft:acacia_trapdoor":8,"minecraft:chainmail_chestplate":35,"minecraft:fletching_table":2,"minecraft:bucket":1,"minecraft:stone_axe":1,"minecraft:enchanted_book":12,"minecraft:air":0,"minecraft:oak_boat":1,"minecraft:lectern":4,"minecraft:iron_chestplate":10,"minecraft:book":1,"minecraft:paper":3,"minecraft:acacia_sign":9,"minecraft:shield":14,"minecraft:stick":848,"minecraft:iron_ingot":645,"minecraft:chainmail_boots":24,"minecraft:iron_pickaxe":4,"minecraft:birch_trapdoor":12,"minecraft:iron_block":3,"minecraft:iron_shovel":1,"minecraft:iron_leggings":22,"minecraft:anvil":1,"minecraft:white_bed":1,"minecraft:acacia_planks":440,"minecraft:torch":100},"minecraft:mined":{"minecraft:farmland":3,"minecraft:white_bed":1,"minecraft:granite":15,"minecraft:acacia_log":61,"minecraft:grass_block":113,"minecraft:acacia_slab":1,"minecraft:composter":2,"minecraft:cartography_table":1,"minecraft:hay_block":18,"minecraft:redstone_ore":1,"minecraft:oak_trapdoor":5,"minecraft:furnace":3,"minecraft:acacia_trapdoor":2,"minecraft:iron_ore":68,"minecraft:fire":22,"minecraft:acacia_wood":16,"minecraft:andesite":3,"minecraft:fletching_table":12,"minecraft:cobblestone_slab":2,"minecraft:stone":342,"minecraft:green_bed":4,"minecraft:glass_pane":2,"minecraft:melon_stem":1,"minecraft:oak_fence":3,"minecraft:crafting_table":3,"minecraft:blast_furnace":1,"minecraft:poppy":1,"minecraft:lectern":291,"minecraft:tall_grass":5,"minecraft:cobblestone":48,"minecraft:oak_planks":3,"minecraft:sugar_cane":5,"minecraft:diorite":7,"minecraft:birch_planks":1,"minecraft:lime_bed":5,"minecraft:birch_log":6,"minecraft:wheat":34,"minecraft:birch_trapdoor":7,"minecraft:grass_path":1,"minecraft:grass":67,"minecraft:coal_ore":88,"minecraft:oak_log":31,"minecraft:acacia_door":1,"minecraft:gravel":78,"minecraft:dirt":107,"minecraft:cobweb":52,"minecraft:acacia_wall_sign":1,"minecraft:oak_leaves":3},"minecraft:dropped":{"minecraft:enchanted_book":1,"minecraft:iron_ingot":64,"minecraft:bread":2,"minecraft:birch_planks":2,"minecraft:cooked_beef":3,"minecraft:diamond":9,"minecraft:diamond_leggings":6,"minecraft:cobblestone":67,"minecraft:book":24,"minecraft:leather":1,"minecraft:granite":14,"minecraft:brown_banner":3,"minecraft:emerald":6,"minecraft:flint":1,"minecraft:stick":5,"minecraft:dirt":5,"minecraft:diorite":1,"minecraft:iron_axe":11,"minecraft:iron_pickaxe":3,"minecraft:chainmail_leggings":11,"minecraft:string":2,"minecraft:bucket":1,"minecraft:bone":1,"minecraft:gravel":2,"minecraft:stone_axe":2,"minecraft:sugar_cane":11,"minecraft:composter":2,"minecraft:rotten_flesh":3,"minecraft:iron_boots":2,"minecraft:light_gray_wool":1,"minecraft:oak_planks":40,"minecraft:cooked_mutton":2,"minecraft:pumpkin_seeds":4,"minecraft:chainmail_chestplate":11,"minecraft:diamond_sword":1,"minecraft:poppy":1,"minecraft:cobblestone_slab":1,"minecraft:shield":1,"minecraft:diamond_chestplate":1,"minecraft:birch_trapdoor":9,"minecraft:iron_chestplate":4,"minecraft:andesite":3,"minecraft:melon_seeds":8,"minecraft:oak_sapling":6,"minecraft:chainmail_boots":4,"minecraft:spider_eye":12,"minecraft:diamond_boots":2,"minecraft:stone_pickaxe":2,"minecraft:wooden_pickaxe":1,"minecraft:black_wool":1,"minecraft:lectern":3},"minecraft:custom":{"minecraft:interact_with_anvil":8,"minecraft:mob_kills":96,"minecraft:interact_with_crafting_table":56,"minecraft:bell_ring":51,"minecraft:leave_game":3,"minecraft:time_since_death":254553,"minecraft:sprint_one_cm":262673,"minecraft:walk_one_cm":641850,"minecraft:damage_blocked_by_shield":401,"minecraft:drop":119,"minecraft:talked_to_villager":859,"minecraft:deaths":2,"minecraft:sneak_time":22385,"minecraft:walk_under_water_one_cm":28352,"minecraft:boat_one_cm":108315,"minecraft:jump":2576,"minecraft:walk_on_water_one_cm":30318,"minecraft:interact_with_furnace":42,"minecraft:traded_with_villager":446,"minecraft:play_one_minute":298806,"minecraft:sleep_in_bed":12,"minecraft:time_since_rest":37259,"minecraft:damage_taken":2237,"minecraft:damage_absorbed":40,"minecraft:damage_dealt":13980,"minecraft:player_kills":1,"minecraft:fly_one_cm":481342,"minecraft:open_chest":77,"minecraft:crouch_one_cm":76445,"minecraft:fall_one_cm":38106}},"DataVersion":2586}